materia,pdf_no_banco,ordem,titulo_capitulo,parte,de,pageStart,pageEnd,paginas,minutos_3ppm
Direito Administrativo,1 - Direito Administrativo_compressed.pdf,1,GLOSSÁRIO DE SIGLAS,1,1,6,7,2,6
Direito Administrativo,1 - Direito Administrativo_compressed.pdf,2,CONCEITOS E FONTES DO DIREITO ADMINISTRATIVO,1,1,8,9,2,6
Direito Administrativo,1 - Direito Administrativo_compressed.pdf,3,ADMINISTRAÇÃO PÚBLICA (CONFORME CF/88),1,1,10,13,4,12
Direito Administrativo,1 - Direito Administrativo_compressed.pdf,4,PODERES E DEVERES DA ADMINISTRAÇÃO PÚBLICA,1,1,14,16,3,9
Direito Administrativo,1 - Direito Administrativo_compressed.pdf,5,ATOS ADMINISTRATIVOS,1,2,17,21,5,15
Direito Administrativo,1 - Direito Administrativo_compressed.pdf,6,ATOS ADMINISTRATIVOS,2,2,22,25,4,12
Direito Administrativo,1 - Direito Administrativo_compressed.pdf,7,ORGANIZAÇÃO DA ADMINISTRAÇÃO PÚBLICA E TERCEIRO SETOR,1,1,26,30,5,15
Direito Administrativo,1 - Direito Administrativo_compressed.pdf,8,SERVIÇOS PÚBLICOS,1,2,31,35,5,15
Direito Administrativo,1 - Direito Administrativo_compressed.pdf,9,SERVIÇOS PÚBLICOS,2,2,36,39,4,12
Direito Administrativo,1 - Direito Administrativo_compressed.pdf,10,RESPONSABILIDADE CIVIL DO ESTADO,1,1,40,42,3,9
Direito Administrativo,1 - Direito Administrativo_compressed.pdf,11,CONTROLE DA ADMINISTRAÇÃO PÚBLICA,1,1,43,49,7,21
Direito Administrativo,1 - Direito Administrativo_compressed.pdf,12,LEI 9.784/99 – PROCESSO ADMINISTRATIVO FEDERAL,1,1,50,56,7,21
Direito Administrativo,1 - Direito Administrativo_compressed.pdf,13,BENS PÚBLICOS,1,1,57,58,2,6
Direito Administrativo,1 - Direito Administrativo_compressed.pdf,14,INTERVENÇÃO DO ESTADO NA PROPRIEDADE PRIVADA,1,1,59,63,5,15
Direito Administrativo,1 - Direito Administrativo_compressed.pdf,15,LEI 12.527/12 – ACESSO À INFORMAÇÃO,1,1,64,67,4,12
Direito Administrativo,1 - Direito Administrativo_compressed.pdf,16,AGENTES PÚBLICOS – PARTE CONSTITUCIONAL,1,1,68,75,8,24
Direito Administrativo,1 - Direito Administrativo_compressed.pdf,17,LEI 8.112/90 – ESTATUTO DOS SERVIDORES PÚBLICOS FEDERAIS,1,3,76,80,5,15
Direito Administrativo,1 - Direito Administrativo_compressed.pdf,18,LEI 8.112/90 – ESTATUTO DOS SERVIDORES PÚBLICOS FEDERAIS,2,3,81,84,4,12
Direito Administrativo,1 - Direito Administrativo_compressed.pdf,19,LEI 8.112/90 – ESTATUTO DOS SERVIDORES PÚBLICOS FEDERAIS,3,3,85,89,5,15
Direito Administrativo,1 - Direito Administrativo_compressed.pdf,20,LEI 14.133/21 – NOVA LEI DE LICITAÇÕES (PARTE DE LICITAÇÕES),1,4,90,97,8,24
Direito Administrativo,1 - Direito Administrativo_compressed.pdf,21,LEI 14.133/21 – NOVA LEI DE LICITAÇÕES (PARTE DE LICITAÇÕES),2,4,98,105,8,24
Direito Administrativo,1 - Direito Administrativo_compressed.pdf,22,LEI 14.133/21 – NOVA LEI DE LICITAÇÕES (PARTE DE LICITAÇÕES),3,4,106,111,6,18
Direito Administrativo,1 - Direito Administrativo_compressed.pdf,23,LEI 14.133/21 – NOVA LEI DE LICITAÇÕES (PARTE DE LICITAÇÕES),4,4,112,116,5,15
Direito Administrativo,1 - Direito Administrativo_compressed.pdf,24,LEI 14.133/21 – NOVA LEI DE LICITAÇÕES (PARTE DE CONTRATOS),1,3,117,122,6,18
Direito Administrativo,1 - Direito Administrativo_compressed.pdf,25,LEI 14.133/21 – NOVA LEI DE LICITAÇÕES (PARTE DE CONTRATOS),2,3,123,127,5,15
Direito Administrativo,1 - Direito Administrativo_compressed.pdf,26,LEI 14.133/21 – NOVA LEI DE LICITAÇÕES (PARTE DE CONTRATOS),3,3,128,130,3,9
Direito Administrativo,1 - Direito Administrativo_compressed.pdf,27,LEI 8.429/92 – LEI DE IMPROBIDADE ADMINISTRATIVA,1,2,131,135,5,15
Direito Administrativo,1 - Direito Administrativo_compressed.pdf,28,LEI 8.429/92 – LEI DE IMPROBIDADE ADMINISTRATIVA,2,2,136,140,5,15
Direito Administrativo,1 - Direito Administrativo_compressed.pdf,29,LEI 13.709/18 – LEI GERAL DE PROTEÇÃO DE DADOS (LGPD),1,3,141,145,5,15
Direito Administrativo,1 - Direito Administrativo_compressed.pdf,30,LEI 13.709/18 – LEI GERAL DE PROTEÇÃO DE DADOS (LGPD),2,3,146,150,5,15
Direito Administrativo,1 - Direito Administrativo_compressed.pdf,31,LEI 13.709/18 – LEI GERAL DE PROTEÇÃO DE DADOS (LGPD),3,3,151,151,1,3
Direito Administrativo,1 - Direito Administrativo_compressed.pdf,32,EXTRA – EXERCÍCIOS (TEC),1,1,152,152,1,3
Direito do Trabalho,2 - Direito do Trabalho.pdf,33,PRINCÍPIOS E FONTES DO DIREITO DO TRABALHO,1,1,4,4,1,3
Direito do Trabalho,2 - Direito do Trabalho.pdf,34,DIREITOS TRABALHISTAS PREVISTOS CONSTITUCIONALMENTE,1,1,5,6,2,6
Direito do Trabalho,2 - Direito do Trabalho.pdf,35,"EMPREGADOR, EMPREGADO E RELAÇÃO DE EMPREGO",1,1,7,7,1,3
Direito do Trabalho,2 - Direito do Trabalho.pdf,36,CONTRATO DE TRABALHO,1,1,8,10,3,9
Direito do Trabalho,2 - Direito do Trabalho.pdf,37,CONTRATOS ESPECIAIS DE TRABALHO,1,1,11,11,1,3
Direito do Trabalho,2 - Direito do Trabalho.pdf,38,REMUNERAÇÃO,1,1,12,14,3,9
Direito do Trabalho,2 - Direito do Trabalho.pdf,39,DURAÇÃO DO TRABALHO,1,1,15,16,2,6
Direito do Trabalho,2 - Direito do Trabalho.pdf,40,TELETRABALHO,1,1,17,17,1,3
Direito do Trabalho,2 - Direito do Trabalho.pdf,41,FÉRIAS ANUAIS,1,1,18,19,2,6
Direito do Trabalho,2 - Direito do Trabalho.pdf,42,RESCISÃO DO CONTRATO DE TRABALHO,1,1,20,21,2,6
Direito do Trabalho,2 - Direito do Trabalho.pdf,43,AVISO PRÉVIO,1,1,22,22,1,3
Direito do Trabalho,2 - Direito do Trabalho.pdf,44,TUTELAS ESPECIAIS,1,1,23,24,2,6
Direito do Trabalho,2 - Direito do Trabalho.pdf,45,RESPONSABILIDADE TRABALHISTA,1,1,25,25,1,3
Direito do Trabalho,2 - Direito do Trabalho.pdf,46,CONVENÇÕES COLETIVAS DE TRABALHO,1,1,26,27,2,6
Direito do Trabalho,2 - Direito do Trabalho.pdf,47,JURISPRUDÊNCIAS,1,2,28,35,8,24
Direito do Trabalho,2 - Direito do Trabalho.pdf,48,JURISPRUDÊNCIAS,2,2,36,37,2,6
Direito do Trabalho,2 - Direito do Trabalho.pdf,49,EXTRA – EXERCÍCIOS (TEC),1,1,38,38,1,3
Direito Constitucional,3 - Direito Constitucional.pdf,50,ASPECTOS INTRODUTÓRIOS DO DIREITO CONSTITUCIONAL,1,1,4,8,5,15
Direito Constitucional,3 - Direito Constitucional.pdf,51,DOS PRINCÍPIOS FUNDAMENTAIS,1,1,9,9,1,3
Direito Constitucional,3 - Direito Constitucional.pdf,52,DOS DIREITOS E GARANTIAS FUNDAMENTAIS,1,3,10,14,5,15
Direito Constitucional,3 - Direito Constitucional.pdf,53,DOS DIREITOS E GARANTIAS FUNDAMENTAIS,2,3,15,18,4,12
Direito Constitucional,3 - Direito Constitucional.pdf,54,DOS DIREITOS E GARANTIAS FUNDAMENTAIS,3,3,19,25,7,21
Direito Constitucional,3 - Direito Constitucional.pdf,55,DA ORGANIZAÇÃO DO ESTADO,1,1,26,30,5,15
Direito Constitucional,3 - Direito Constitucional.pdf,56,DA INTERVENÇÃO,1,1,31,32,2,6
Direito Constitucional,3 - Direito Constitucional.pdf,57,DA ADMINISTRAÇÃO PÚBLICA,1,2,33,37,5,15
Direito Constitucional,3 - Direito Constitucional.pdf,58,DA ADMINISTRAÇÃO PÚBLICA,2,2,38,42,5,15
Direito Constitucional,3 - Direito Constitucional.pdf,59,DO PODER LEGISLATIVO,1,1,43,48,6,18
Direito Constitucional,3 - Direito Constitucional.pdf,60,DO PROCESSO LEGISLATIVO,1,1,49,52,4,12
Direito Constitucional,3 - Direito Constitucional.pdf,61,"DA FISCALIZAÇÃO CONTÁBIL, FINANCEIRA E ORÇAMENTÁRIA",1,1,53,55,3,9
Direito Constitucional,3 - Direito Constitucional.pdf,62,DO PODER EXECUTIVO,1,1,56,60,5,15
Direito Constitucional,3 - Direito Constitucional.pdf,63,DO PODER JUDICIÁRIO,1,1,61,68,8,24
Direito Constitucional,3 - Direito Constitucional.pdf,64,DAS FUNÇÕES ESSENCIAIS À JUSTIÇA,1,1,69,71,3,9
Direito Constitucional,3 - Direito Constitucional.pdf,65,DA DEFESA DO ESTADO E DAS INSTITUIÇÕES DEMOCRÁTICAS,1,1,72,73,2,6
Direito Constitucional,3 - Direito Constitucional.pdf,66,DA ORDEM SOCIAL,1,1,74,77,4,12
Direito Constitucional,3 - Direito Constitucional.pdf,67,CONTROLE DE CONSTITUCIONALIDADE,1,1,78,85,8,24
Direito Constitucional,3 - Direito Constitucional.pdf,68,EXTRA – QUESTÕES (TEC),1,1,86,86,1,3
Direito Processual do Trabalho,4 - Direito Processual do Trabalho.pdf,69,ORGANIZAÇÃO DA JUSTIÇA DO TRABALHO,1,1,3,5,3,9
Direito Processual do Trabalho,4 - Direito Processual do Trabalho.pdf,70,DO PROCESSO EM GERAL,1,1,6,10,5,15
Direito Processual do Trabalho,4 - Direito Processual do Trabalho.pdf,71,DOS DISSÍDIOS INDIVIDUAIS,1,1,11,14,4,12
Direito Processual do Trabalho,4 - Direito Processual do Trabalho.pdf,72,DA EXECUÇÃO,1,1,15,16,2,6
Direito Processual do Trabalho,4 - Direito Processual do Trabalho.pdf,73,RECURSOS TRABALHISTAS,1,1,17,19,3,9
Direito Processual do Trabalho,4 - Direito Processual do Trabalho.pdf,74,PRESCRIÇÃO NO DIREITO PROCESSUAL DO TRABALHO,1,1,20,20,1,3
Direito Processual do Trabalho,4 - Direito Processual do Trabalho.pdf,75,JURISPRUDÊNCIAS,1,2,21,28,8,24
Direito Processual do Trabalho,4 - Direito Processual do Trabalho.pdf,76,JURISPRUDÊNCIAS,2,2,29,29,1,3
Direito Processual do Trabalho,4 - Direito Processual do Trabalho.pdf,77,EXTRA – EXERCÍCIOS (TEC),1,1,30,30,1,3
Direito Processual Civil,Direito Processual Civil_compressed.pdf,78,INTRODUÇÃO,1,1,4,5,2,6
Direito Processual Civil,Direito Processual Civil_compressed.pdf,79,DA FUNÇÃO JURISDICIONAL,1,1,6,10,5,15
Direito Processual Civil,Direito Processual Civil_compressed.pdf,80,PARTES E DOS PROCURADORES - SUJEITOS DO PROCESSO,1,1,11,17,7,21
Direito Processual Civil,Direito Processual Civil_compressed.pdf,81,JUIZ E DOS AUXILIARES DA JUSTIÇA,1,1,18,22,5,15
Direito Processual Civil,Direito Processual Civil_compressed.pdf,82,ATOS PROCESSUAIS,1,1,23,29,7,21
Direito Processual Civil,Direito Processual Civil_compressed.pdf,83,INTIMAÇÕES,1,1,30,31,2,6
Direito Processual Civil,Direito Processual Civil_compressed.pdf,84,TUTELA PROVISÓRIA (ARTS. 294 A 311),1,1,32,33,2,6
Direito Processual Civil,Direito Processual Civil_compressed.pdf,85,"FORMAÇÃO, SUSPENSÃO E EXTINÇÃO DO PROCESSO (ARTS. 312 A 317)",1,1,34,34,1,3
Direito Processual Civil,Direito Processual Civil_compressed.pdf,86,PROCEDIMENTO COMUM,1,2,35,42,8,24
Direito Processual Civil,Direito Processual Civil_compressed.pdf,87,PROCEDIMENTO COMUM,2,2,43,47,5,15
Direito Processual Civil,Direito Processual Civil_compressed.pdf,88,CUMPRIMENTO DA SENTENÇA (ARTS. 513 A 538),1,1,48,51,4,12
Direito Processual Civil,Direito Processual Civil_compressed.pdf,89,DO PROCESSO DE EXECUÇÃO,1,1,52,54,3,9
Direito Processual Civil,Direito Processual Civil_compressed.pdf,90,MEIOS DE IMPUGNAÇÃO DAS DECISÕES JUDICIAIS,1,1,55,59,5,15
Direito Processual Civil,Direito Processual Civil_compressed.pdf,91,DOS RECURSOS,1,1,60,66,7,21
Direito Processual Civil,Direito Processual Civil_compressed.pdf,92,TABELA AUXILIAR DE PRAZOS,1,2,67,71,5,15
Direito Processual Civil,Direito Processual Civil_compressed.pdf,93,TABELA AUXILIAR DE PRAZOS,2,2,72,75,4,12
Direito Processual Civil,Direito Processual Civil_compressed.pdf,94,EXTRA – QUESTÕES (TEC),1,1,76,76,1,3
