cfc_item_index,cfc_materia,cfc_item_titulo,v2_topic_id,v2_materia,v2_topico,score,cont_v1,cont_v2,sobra,relacao_sugerida,revisado,observacao
1,Direito Administrativo,Glossário de Siglas,,Direito Administrativo,NENHUM,0,0,0,N/A,NENHUM,,Tópico genérico (Jurisprudência/Súmula/Exercícios) sem correspondente direto no edital
2,Direito Administrativo,Conceitos e Fontes do Direito Administrativo,trt4_2026p__adm_t5,Direito Administrativo,Tópico 05 - Processo administrativo federal (Lei nº 9.784/1999),0.16,0.25,0.14,CFC+: [conceitos fontes direito] | V2+: [processo federal lei n],NENHUM,,Análise manual necessária
2,Direito Administrativo,Conceitos e Fontes do Direito Administrativo,trt4_2026p__adm_t2,Direito Administrativo,"Tópico 02 - Ato administrativo: Conceito, requisitos, atributos, anulação, revogação, convalidação, discricionariedade e vinculação",0.14,0.25,0.1,CFC+: [conceitos fontes direito] | V2+: [ato conceito requisitos atributos],NENHUM,,Análise manual necessária
2,Direito Administrativo,Conceitos e Fontes do Direito Administrativo,trt4_2026p__adm_t6,Direito Administrativo,"Tópico 06 - Controle e responsabilização da administração (administrativo, judicial, legislativo); Responsabilidade extracontratual do Estado",0.14,0.25,0.11,CFC+: [conceitos fontes direito] | V2+: [controle responsabilizacao administracao judicial],NENHUM,,Análise manual necessária
3,Direito Administrativo,Administração Pública (conforme CF/88),trt4_2026p__adm_t1,Direito Administrativo,"Tópico 01 - Administração Pública: Princípios básicos e Poderes Administrativos (hierárquico, disciplinar, regulamentar, polícia, uso/abuso de poder)",0.26,0.5,0.17,CFC+: [conforme cf/88] | V2+: [principios basicos poderes administrativos],PARCIAL,,Análise manual necessária
3,Direito Administrativo,Administração Pública (conforme CF/88),trt4_2026p__adm_t6,Direito Administrativo,"Tópico 06 - Controle e responsabilização da administração (administrativo, judicial, legislativo); Responsabilidade extracontratual do Estado",0.14,0.25,0.11,CFC+: [publica conforme cf/88] | V2+: [controle responsabilizacao administrativo judicial],NENHUM,,Análise manual necessária
3,Direito Administrativo,Administração Pública (conforme CF/88),trt4_2026p__adm_t3,Direito Administrativo,"Tópico 03 - Organização administrativa: Administração direta e indireta, Autarquias, Fundações, Empresas Públicas, Sociedades de Economia Mista, Consórcios Públicos (Lei 11.107/05)",0.11,0.25,0.06,CFC+: [publica conforme cf/88] | V2+: [organizacao administrativa direta indireta],NENHUM,,Análise manual necessária
4,Direito Administrativo,Poderes e Deveres da Administração Pública,trt4_2026p__adm_t1,Direito Administrativo,"Tópico 01 - Administração Pública: Princípios básicos e Poderes Administrativos (hierárquico, disciplinar, regulamentar, polícia, uso/abuso de poder)",0.39,0.75,0.25,CFC+: [deveres] | V2+: [principios basicos administrativos hierarquico],CFC_MAIS_ESTREITO,,Análise manual necessária
4,Direito Administrativo,Poderes e Deveres da Administração Pública,trt4_2026p__adm_t6,Direito Administrativo,"Tópico 06 - Controle e responsabilização da administração (administrativo, judicial, legislativo); Responsabilidade extracontratual do Estado",0.14,0.25,0.11,CFC+: [poderes deveres publica] | V2+: [controle responsabilizacao administrativo judicial],NENHUM,,Análise manual necessária
4,Direito Administrativo,Poderes e Deveres da Administração Pública,trt4_2026p__adm_t3,Direito Administrativo,"Tópico 03 - Organização administrativa: Administração direta e indireta, Autarquias, Fundações, Empresas Públicas, Sociedades de Economia Mista, Consórcios Públicos (Lei 11.107/05)",0.11,0.25,0.06,CFC+: [poderes deveres publica] | V2+: [organizacao administrativa direta indireta],NENHUM,,Análise manual necessária
5,Direito Administrativo,Atos Administrativos,trt4_2026p__adm_t8,Direito Administrativo,Tópico 08 - Nova Lei de Licitações e Contratos Administrativos (Lei nº 14.133/2021),0.23,0.5,0.13,CFC+: [atos] | V2+: [nova lei licitacoes contratos],PARCIAL,,Análise manual necessária
5,Direito Administrativo,Atos Administrativos,trt4_2026p__adm_t1,Direito Administrativo,"Tópico 01 - Administração Pública: Princípios básicos e Poderes Administrativos (hierárquico, disciplinar, regulamentar, polícia, uso/abuso de poder)",0.2,0.5,0.08,CFC+: [atos] | V2+: [administracao publica principios basicos],PARCIAL,,Análise manual necessária
6,Direito Administrativo,Organização da Administração Pública e Terceiro Setor,trt4_2026p__adm_t11,Direito Administrativo,Tópico 11 - Terceiro Setor e Entes paraestatais,0.38,0.4,0.5,CFC+: [organizacao administracao publica] | V2+: [entes paraestatais],PARCIAL,,Análise manual necessária
6,Direito Administrativo,Organização da Administração Pública e Terceiro Setor,trt4_2026p__adm_t1,Direito Administrativo,"Tópico 01 - Administração Pública: Princípios básicos e Poderes Administrativos (hierárquico, disciplinar, regulamentar, polícia, uso/abuso de poder)",0.22,0.4,0.17,CFC+: [organizacao terceiro setor] | V2+: [principios basicos poderes administrativos],PARCIAL,,Análise manual necessária
6,Direito Administrativo,Organização da Administração Pública e Terceiro Setor,trt4_2026p__adm_t3,Direito Administrativo,"Tópico 03 - Organização administrativa: Administração direta e indireta, Autarquias, Fundações, Empresas Públicas, Sociedades de Economia Mista, Consórcios Públicos (Lei 11.107/05)",0.2,0.4,0.12,CFC+: [publica terceiro setor] | V2+: [administrativa direta indireta autarquias],PARCIAL,,Análise manual necessária
6,Direito Administrativo,Organização da Administração Pública e Terceiro Setor,trt4_2026p__adm_t6,Direito Administrativo,"Tópico 06 - Controle e responsabilização da administração (administrativo, judicial, legislativo); Responsabilidade extracontratual do Estado",0.12,0.2,0.11,CFC+: [organizacao publica terceiro setor] | V2+: [controle responsabilizacao administrativo judicial],NENHUM,,Análise manual necessária
7,Direito Administrativo,Serviços Públicos,trt4_2026p__adm_t9,Direito Administrativo,"Tópico 09 - Serviços públicos: Conceito, regime jurídico, princípios, delegação (autorização, permissão, concessão)",0.44,1,0.2,V2+: [conceito regime juridico principios],CFC_MAIS_ESTREITO,,Análise manual necessária
7,Direito Administrativo,Serviços Públicos,trt4_2026p__adm_t4,Direito Administrativo,"Tópico 04 - Servidores públicos: Cargo, emprego e função; Lei nº 8.112/1990; Lei nº 11.416/2006 (Carreiras do PJU)",0.2,0.5,0.08,CFC+: [servicos] | V2+: [servidores cargo emprego funcao],PARCIAL,,Análise manual necessária
7,Direito Administrativo,Serviços Públicos,trt4_2026p__adm_t10,Direito Administrativo,"Tópico 10 - Bens públicos (classificação, regime jurídico, formas de uso) e Intervenção do Estado na propriedade (desapropriação, servidão, tombamento)",0.2,0.5,0.08,CFC+: [servicos] | V2+: [bens classificacao regime juridico],PARCIAL,,Análise manual necessária
7,Direito Administrativo,Serviços Públicos,trt4_2026p__adm_t3,Direito Administrativo,"Tópico 03 - Organização administrativa: Administração direta e indireta, Autarquias, Fundações, Empresas Públicas, Sociedades de Economia Mista, Consórcios Públicos (Lei 11.107/05)",0.19,0.5,0.06,CFC+: [servicos] | V2+: [organizacao administrativa administracao direta],PARCIAL,,Análise manual necessária
8,Direito Administrativo,Responsabilidade Civil do Estado,trt4_2026p__adm_t6,Direito Administrativo,"Tópico 06 - Controle e responsabilização da administração (administrativo, judicial, legislativo); Responsabilidade extracontratual do Estado",0.35,0.67,0.22,CFC+: [civil] | V2+: [controle responsabilizacao administracao administrativo],CFC_MAIS_ESTREITO,,Análise manual necessária
8,Direito Administrativo,Responsabilidade Civil do Estado,trt4_2026p__adm_t10,Direito Administrativo,"Tópico 10 - Bens públicos (classificação, regime jurídico, formas de uso) e Intervenção do Estado na propriedade (desapropriação, servidão, tombamento)",0.15,0.33,0.08,CFC+: [responsabilidade civil] | V2+: [bens publicos classificacao regime],PARCIAL,,Análise manual necessária
9,Direito Administrativo,Controle da Administração Pública,trt4_2026p__adm_t6,Direito Administrativo,"Tópico 06 - Controle e responsabilização da administração (administrativo, judicial, legislativo); Responsabilidade extracontratual do Estado",0.35,0.67,0.22,CFC+: [publica] | V2+: [responsabilizacao administrativo judicial legislativo],CFC_MAIS_ESTREITO,,Análise manual necessária
9,Direito Administrativo,Controle da Administração Pública,trt4_2026p__adm_t1,Direito Administrativo,"Tópico 01 - Administração Pública: Princípios básicos e Poderes Administrativos (hierárquico, disciplinar, regulamentar, polícia, uso/abuso de poder)",0.31,0.67,0.17,CFC+: [controle] | V2+: [principios basicos poderes administrativos],CFC_MAIS_ESTREITO,,Análise manual necessária
9,Direito Administrativo,Controle da Administração Pública,trt4_2026p__adm_t3,Direito Administrativo,"Tópico 03 - Organização administrativa: Administração direta e indireta, Autarquias, Fundações, Empresas Públicas, Sociedades de Economia Mista, Consórcios Públicos (Lei 11.107/05)",0.14,0.33,0.06,CFC+: [controle publica] | V2+: [organizacao administrativa direta indireta],PARCIAL,,Análise manual necessária
10,Direito Administrativo,Lei 9.784/99  –   Processo Administrativo Federal,trt4_2026p__adm_t5,Direito Administrativo,Tópico 05 - Processo administrativo federal (Lei nº 9.784/1999),1,0.83,0.71,CFC+: [784/99] | V2+: [n 784/1999],PARCIAL,,Correspondência forte sugerida
10,Direito Administrativo,Lei 9.784/99  –   Processo Administrativo Federal,trt4_2026p__adm_t7,Direito Administrativo,Tópico 07 - Improbidade Administrativa (Lei nº 8.429/1992 e Lei nº 14.230/2021),0.12,0.17,0.13,CFC+: [9 784/99 processo administrativo] | V2+: [improbidade administrativa n 8],NENHUM,,Análise manual necessária
10,Direito Administrativo,Lei 9.784/99  –   Processo Administrativo Federal,trt4_2026p__adm_t8,Direito Administrativo,Tópico 08 - Nova Lei de Licitações e Contratos Administrativos (Lei nº 14.133/2021),0.12,0.17,0.13,CFC+: [9 784/99 processo administrativo] | V2+: [nova licitacoes contratos administrativos],NENHUM,,Análise manual necessária
10,Direito Administrativo,Lei 9.784/99  –   Processo Administrativo Federal,trt4_2026p__adm_t2,Direito Administrativo,"Tópico 02 - Ato administrativo: Conceito, requisitos, atributos, anulação, revogação, convalidação, discricionariedade e vinculação",0.11,0.17,0.1,CFC+: [lei 9 784/99 processo] | V2+: [ato conceito requisitos atributos],NENHUM,,Análise manual necessária
10,Direito Administrativo,Lei 9.784/99  –   Processo Administrativo Federal,trt4_2026p__adm_t6,Direito Administrativo,"Tópico 06 - Controle e responsabilização da administração (administrativo, judicial, legislativo); Responsabilidade extracontratual do Estado",0.11,0.17,0.11,CFC+: [lei 9 784/99 processo] | V2+: [controle responsabilizacao administracao judicial],NENHUM,,Análise manual necessária
10,Direito Administrativo,Lei 9.784/99  –   Processo Administrativo Federal,trt4_2026p__adm_t4,Direito Administrativo,"Tópico 04 - Servidores públicos: Cargo, emprego e função; Lei nº 8.112/1990; Lei nº 11.416/2006 (Carreiras do PJU)",0.1,0.17,0.08,CFC+: [9 784/99 processo administrativo] | V2+: [servidores publicos cargo emprego],NENHUM,,Análise manual necessária
10,Direito Administrativo,Lei 9.784/99  –   Processo Administrativo Federal,trt4_2026p__adm_t3,Direito Administrativo,"Tópico 03 - Organização administrativa: Administração direta e indireta, Autarquias, Fundações, Empresas Públicas, Sociedades de Economia Mista, Consórcios Públicos (Lei 11.107/05)",0.09,0.17,0.06,CFC+: [9 784/99 processo administrativo] | V2+: [organizacao administrativa administracao direta],NENHUM,,Análise manual necessária
11,Direito Administrativo,Bens Públicos,trt4_2026p__adm_t10,Direito Administrativo,"Tópico 10 - Bens públicos (classificação, regime jurídico, formas de uso) e Intervenção do Estado na propriedade (desapropriação, servidão, tombamento)",0.41,1,0.15,V2+: [classificacao regime juridico formas],CFC_MAIS_ESTREITO,,Análise manual necessária
11,Direito Administrativo,Bens Públicos,trt4_2026p__adm_t9,Direito Administrativo,"Tópico 09 - Serviços públicos: Conceito, regime jurídico, princípios, delegação (autorização, permissão, concessão)",0.22,0.5,0.1,CFC+: [bens] | V2+: [servicos conceito regime juridico],PARCIAL,,Análise manual necessária
11,Direito Administrativo,Bens Públicos,trt4_2026p__adm_t4,Direito Administrativo,"Tópico 04 - Servidores públicos: Cargo, emprego e função; Lei nº 8.112/1990; Lei nº 11.416/2006 (Carreiras do PJU)",0.2,0.5,0.08,CFC+: [bens] | V2+: [servidores cargo emprego funcao],PARCIAL,,Análise manual necessária
11,Direito Administrativo,Bens Públicos,trt4_2026p__adm_t3,Direito Administrativo,"Tópico 03 - Organização administrativa: Administração direta e indireta, Autarquias, Fundações, Empresas Públicas, Sociedades de Economia Mista, Consórcios Públicos (Lei 11.107/05)",0.19,0.5,0.06,CFC+: [bens] | V2+: [organizacao administrativa administracao direta],PARCIAL,,Análise manual necessária
12,Direito Administrativo,Intervenção do Estado na Propriedade Privada,trt4_2026p__adm_t10,Direito Administrativo,"Tópico 10 - Bens públicos (classificação, regime jurídico, formas de uso) e Intervenção do Estado na propriedade (desapropriação, servidão, tombamento)",0.38,0.75,0.23,CFC+: [privada] | V2+: [bens publicos classificacao regime],CFC_MAIS_ESTREITO,,Análise manual necessária
12,Direito Administrativo,Intervenção do Estado na Propriedade Privada,trt4_2026p__adm_t6,Direito Administrativo,"Tópico 06 - Controle e responsabilização da administração (administrativo, judicial, legislativo); Responsabilidade extracontratual do Estado",0.14,0.25,0.11,CFC+: [intervencao propriedade privada] | V2+: [controle responsabilizacao administracao administrativo],NENHUM,,Análise manual necessária
13,Direito Administrativo,Lei 12.527/12  –   Acesso à Informação,trt4_2026p__adm_t5,Direito Administrativo,Tópico 05 - Processo administrativo federal (Lei nº 9.784/1999),0.14,0.2,0.14,CFC+: [12 527/12 acesso informacao] | V2+: [processo administrativo federal n],NENHUM,,Análise manual necessária
13,Direito Administrativo,Lei 12.527/12  –   Acesso à Informação,trt4_2026p__adm_t7,Direito Administrativo,Tópico 07 - Improbidade Administrativa (Lei nº 8.429/1992 e Lei nº 14.230/2021),0.13,0.2,0.13,CFC+: [12 527/12 acesso informacao] | V2+: [improbidade administrativa n 8],NENHUM,,Análise manual necessária
13,Direito Administrativo,Lei 12.527/12  –   Acesso à Informação,trt4_2026p__adm_t8,Direito Administrativo,Tópico 08 - Nova Lei de Licitações e Contratos Administrativos (Lei nº 14.133/2021),0.13,0.2,0.13,CFC+: [12 527/12 acesso informacao] | V2+: [nova licitacoes contratos administrativos],NENHUM,,Análise manual necessária
13,Direito Administrativo,Lei 12.527/12  –   Acesso à Informação,trt4_2026p__adm_t4,Direito Administrativo,"Tópico 04 - Servidores públicos: Cargo, emprego e função; Lei nº 8.112/1990; Lei nº 11.416/2006 (Carreiras do PJU)",0.11,0.2,0.08,CFC+: [12 527/12 acesso informacao] | V2+: [servidores publicos cargo emprego],NENHUM,,Análise manual necessária
13,Direito Administrativo,Lei 12.527/12  –   Acesso à Informação,trt4_2026p__adm_t3,Direito Administrativo,"Tópico 03 - Organização administrativa: Administração direta e indireta, Autarquias, Fundações, Empresas Públicas, Sociedades de Economia Mista, Consórcios Públicos (Lei 11.107/05)",0.1,0.2,0.06,CFC+: [12 527/12 acesso informacao] | V2+: [organizacao administrativa administracao direta],NENHUM,,Análise manual necessária
14,Direito Administrativo,Lei 8.112/90  –   Estatuto Dos Servidores Públicos Federais,trt4_2026p__adm_t4,Direito Administrativo,"Tópico 04 - Servidores públicos: Cargo, emprego e função; Lei nº 8.112/1990; Lei nº 11.416/2006 (Carreiras do PJU)",0.71,0.57,0.31,CFC+: [112/90 estatuto federais] | V2+: [cargo emprego funcao n],PARCIAL,,Correspondência forte sugerida
14,Direito Administrativo,Lei 8.112/90  –   Estatuto Dos Servidores Públicos Federais,trt4_2026p__adm_t7,Direito Administrativo,Tópico 07 - Improbidade Administrativa (Lei nº 8.429/1992 e Lei nº 14.230/2021),0.57,0.29,0.25,CFC+: [112/90 estatuto servidores publicos] | V2+: [improbidade administrativa n 429/1992],PARCIAL,,Correspondência forte sugerida
14,Direito Administrativo,Lei 8.112/90  –   Estatuto Dos Servidores Públicos Federais,trt4_2026p__adm_t3,Direito Administrativo,"Tópico 03 - Organização administrativa: Administração direta e indireta, Autarquias, Fundações, Empresas Públicas, Sociedades de Economia Mista, Consórcios Públicos (Lei 11.107/05)",0.16,0.29,0.12,CFC+: [8 112/90 estatuto servidores] | V2+: [organizacao administrativa administracao direta],NENHUM,,Análise manual necessária
15,Direito Administrativo,Lei 14.133/21  –   Nova Lei de Licitações (Parte de Licitações),trt4_2026p__adm_t8,Direito Administrativo,Tópico 08 - Nova Lei de Licitações e Contratos Administrativos (Lei nº 14.133/2021),0.86,0.67,0.5,CFC+: [133/21 parte] | V2+: [contratos administrativos n 133/2021],CFC_MAIS_ESTREITO,,Correspondência forte sugerida
15,Direito Administrativo,Lei 14.133/21  –   Nova Lei de Licitações (Parte de Licitações),trt4_2026p__adm_t7,Direito Administrativo,Tópico 07 - Improbidade Administrativa (Lei nº 8.429/1992 e Lei nº 14.230/2021),0.59,0.33,0.25,CFC+: [133/21 nova licitacoes parte] | V2+: [improbidade administrativa n 8],PARCIAL,,Correspondência forte sugerida
15,Direito Administrativo,Lei 14.133/21  –   Nova Lei de Licitações (Parte de Licitações),trt4_2026p__adm_t5,Direito Administrativo,Tópico 05 - Processo administrativo federal (Lei nº 9.784/1999),0.13,0.17,0.14,CFC+: [14 133/21 nova licitacoes] | V2+: [processo administrativo federal n],NENHUM,,Análise manual necessária
15,Direito Administrativo,Lei 14.133/21  –   Nova Lei de Licitações (Parte de Licitações),trt4_2026p__adm_t4,Direito Administrativo,"Tópico 04 - Servidores públicos: Cargo, emprego e função; Lei nº 8.112/1990; Lei nº 11.416/2006 (Carreiras do PJU)",0.1,0.17,0.08,CFC+: [14 133/21 nova licitacoes] | V2+: [servidores publicos cargo emprego],NENHUM,,Análise manual necessária
15,Direito Administrativo,Lei 14.133/21  –   Nova Lei de Licitações (Parte de Licitações),trt4_2026p__adm_t3,Direito Administrativo,"Tópico 03 - Organização administrativa: Administração direta e indireta, Autarquias, Fundações, Empresas Públicas, Sociedades de Economia Mista, Consórcios Públicos (Lei 11.107/05)",0.09,0.17,0.06,CFC+: [14 133/21 nova licitacoes] | V2+: [organizacao administrativa administracao direta],NENHUM,,Análise manual necessária
16,Direito Administrativo,Lei 8.429/92  –   Lei de Improbidade Administrativa,trt4_2026p__adm_t7,Direito Administrativo,Tópico 07 - Improbidade Administrativa (Lei nº 8.429/1992 e Lei nº 14.230/2021),0.92,0.8,0.5,CFC+: [429/92] | V2+: [n 429/1992 14 230/2021],CFC_MAIS_ESTREITO,,Correspondência forte sugerida
16,Direito Administrativo,Lei 8.429/92  –   Lei de Improbidade Administrativa,trt4_2026p__adm_t4,Direito Administrativo,"Tópico 04 - Servidores públicos: Cargo, emprego e função; Lei nº 8.112/1990; Lei nº 11.416/2006 (Carreiras do PJU)",0.56,0.4,0.15,CFC+: [429/92 improbidade administrativa] | V2+: [servidores publicos cargo emprego],PARCIAL,,Correspondência forte sugerida
16,Direito Administrativo,Lei 8.429/92  –   Lei de Improbidade Administrativa,trt4_2026p__adm_t3,Direito Administrativo,"Tópico 03 - Organização administrativa: Administração direta e indireta, Autarquias, Fundações, Empresas Públicas, Sociedades de Economia Mista, Consórcios Públicos (Lei 11.107/05)",0.2,0.4,0.12,CFC+: [8 429/92 improbidade] | V2+: [organizacao administracao direta indireta],PARCIAL,,Análise manual necessária
16,Direito Administrativo,Lei 8.429/92  –   Lei de Improbidade Administrativa,trt4_2026p__adm_t5,Direito Administrativo,Tópico 05 - Processo administrativo federal (Lei nº 9.784/1999),0.14,0.2,0.14,CFC+: [8 429/92 improbidade administrativa] | V2+: [processo administrativo federal n],NENHUM,,Análise manual necessária
16,Direito Administrativo,Lei 8.429/92  –   Lei de Improbidade Administrativa,trt4_2026p__adm_t8,Direito Administrativo,Tópico 08 - Nova Lei de Licitações e Contratos Administrativos (Lei nº 14.133/2021),0.13,0.2,0.13,CFC+: [8 429/92 improbidade administrativa] | V2+: [nova licitacoes contratos administrativos],NENHUM,,Análise manual necessária
17,Direito Administrativo,Lei 13.709/18  –   Lei Geral de Proteção de Dados (LGPD),,Direito Administrativo,NENHUM,0,0,0,N/A,NENHUM,,Tópico genérico (Jurisprudência/Súmula/Exercícios) sem correspondente direto no edital
18,Direito do Trabalho,Princípios,,Direito do Trabalho,NENHUM,0,0,0,N/A,NENHUM,,Tópico genérico (Jurisprudência/Súmula/Exercícios) sem correspondente direto no edital
19,Direito do Trabalho,Direitos Trabalhistas Previstos Constitucionalmente,,Direito do Trabalho,NENHUM,0,0,0,N/A,NENHUM,,Tópico genérico (Jurisprudência/Súmula/Exercícios) sem correspondente direto no edital
20,Direito do Trabalho,"Empregador, Empregado e Relação de Emprego",,Direito do Trabalho,NENHUM,0,0,0,N/A,NENHUM,,Tópico genérico (Jurisprudência/Súmula/Exercícios) sem correspondente direto no edital
21,Direito do Trabalho,Contrato de Trabalho,,Direito do Trabalho,NENHUM,0,0,0,N/A,NENHUM,,Tópico genérico (Jurisprudência/Súmula/Exercícios) sem correspondente direto no edital
22,Direito do Trabalho,Contratos Especiais de Trabalho,,Direito do Trabalho,NENHUM,0,0,0,N/A,NENHUM,,Tópico genérico (Jurisprudência/Súmula/Exercícios) sem correspondente direto no edital
23,Direito do Trabalho,Remuneração,,Direito do Trabalho,NENHUM,0,0,0,N/A,NENHUM,,Tópico genérico (Jurisprudência/Súmula/Exercícios) sem correspondente direto no edital
24,Direito do Trabalho,Teletrabalho,,Direito do Trabalho,NENHUM,0,0,0,N/A,NENHUM,,Tópico genérico (Jurisprudência/Súmula/Exercícios) sem correspondente direto no edital
25,Direito do Trabalho,Férias Anuais,,Direito do Trabalho,NENHUM,0,0,0,N/A,NENHUM,,Tópico genérico (Jurisprudência/Súmula/Exercícios) sem correspondente direto no edital
26,Direito do Trabalho,Rescisão do Contrato de Trabalho,,Direito do Trabalho,NENHUM,0,0,0,N/A,NENHUM,,Tópico genérico (Jurisprudência/Súmula/Exercícios) sem correspondente direto no edital
27,Direito do Trabalho,Aviso Prévio,,Direito do Trabalho,NENHUM,0,0,0,N/A,NENHUM,,Tópico genérico (Jurisprudência/Súmula/Exercícios) sem correspondente direto no edital
28,Direito do Trabalho,Tutelas Especiais,,Direito do Trabalho,NENHUM,0,0,0,N/A,NENHUM,,Tópico genérico (Jurisprudência/Súmula/Exercícios) sem correspondente direto no edital
29,Direito do Trabalho,Responsabilidade Trabalhista,,Direito do Trabalho,NENHUM,0,0,0,N/A,NENHUM,,Tópico genérico (Jurisprudência/Súmula/Exercícios) sem correspondente direto no edital
30,Direito do Trabalho,Convenções Coletivas de Trabalho,,Direito do Trabalho,NENHUM,0,0,0,N/A,NENHUM,,Tópico genérico (Jurisprudência/Súmula/Exercícios) sem correspondente direto no edital
31,Direito do Trabalho,Prescrição,,Direito do Trabalho,NENHUM,0,0,0,N/A,NENHUM,,Tópico genérico (Jurisprudência/Súmula/Exercícios) sem correspondente direto no edital
32,Direito do Trabalho,Jurisprudências,,Direito do Trabalho,NENHUM,0,0,0,N/A,NENHUM,,Tópico genérico (Jurisprudência/Súmula/Exercícios) sem correspondente direto no edital
33,Direito Constitucional,Aspectos Introdutórios do Direito Constitucional,,Direito Constitucional,NENHUM,0,0,0,N/A,NENHUM,,Tópico genérico (Jurisprudência/Súmula/Exercícios) sem correspondente direto no edital
34,Direito Constitucional,Dos Princípios Fundamentais,trt4_2026p__const_t1,Direito Constitucional,Tópico 01 - Constituição: Princípios fundamentais,0.77,1,0.67,V2+: [constituicao],PARCIAL,,Correspondência forte sugerida
34,Direito Constitucional,Dos Princípios Fundamentais,trt4_2026p__const_t5,Direito Constitucional,Tópico 05 - Direitos e Garantias Fundamentais: Nacionalidade e Direitos políticos,0.28,0.5,0.2,CFC+: [principios] | V2+: [direitos garantias nacionalidade politicos],PARCIAL,,Análise manual necessária
34,Direito Constitucional,Dos Princípios Fundamentais,trt4_2026p__const_t4,Direito Constitucional,Tópico 04 - Direitos e Garantias Fundamentais: Direitos e deveres individuais e coletivos; Direitos sociais,0.24,0.5,0.14,CFC+: [principios] | V2+: [direitos garantias deveres individuais],PARCIAL,,Análise manual necessária
35,Direito Constitucional,Dos Direitos e Garantias Fundamentais,trt4_2026p__const_t5,Direito Constitucional,Tópico 05 - Direitos e Garantias Fundamentais: Nacionalidade e Direitos políticos,0.72,1,0.6,V2+: [nacionalidade politicos],CFC_MAIS_ESTREITO,,Correspondência forte sugerida
35,Direito Constitucional,Dos Direitos e Garantias Fundamentais,trt4_2026p__const_t4,Direito Constitucional,Tópico 04 - Direitos e Garantias Fundamentais: Direitos e deveres individuais e coletivos; Direitos sociais,0.6,1,0.43,V2+: [deveres individuais coletivos sociais],CFC_MAIS_ESTREITO,,Correspondência forte sugerida
35,Direito Constitucional,Dos Direitos e Garantias Fundamentais,trt4_2026p__const_t1,Direito Constitucional,Tópico 01 - Constituição: Princípios fundamentais,0.28,0.33,0.33,CFC+: [direitos garantias] | V2+: [constituicao principios],PARCIAL,,Análise manual necessária
36,Direito Constitucional,Da Organização do Estado,trt4_2026p__const_t6,Direito Constitucional,"Tópico 06 - Organização do Estado: Organização político-administrativa da União, Estados, Municípios, DF e Territórios",0.45,1,0.22,V2+: [politico administrativa uniao estados],CFC_MAIS_ESTREITO,,Análise manual necessária
37,Direito Constitucional,Da Intervenção,,Direito Constitucional,NENHUM,0,0,0,N/A,NENHUM,,Tópico genérico (Jurisprudência/Súmula/Exercícios) sem correspondente direto no edital
38,Direito Constitucional,Da Administração Pública,trt4_2026p__const_t7,Direito Constitucional,Tópico 07 - Administração Pública: Disposições gerais e Servidores Públicos,0.53,1,0.33,V2+: [disposicoes gerais servidores publicos],CFC_MAIS_ESTREITO,,Correspondência forte sugerida
38,Direito Constitucional,Da Administração Pública,trt4_2026p__const_t11,Direito Constitucional,"Tópico 11 - Funções Essenciais à Justiça: Ministério Público, Advocacia Pública, Advocacia e Defensoria Pública",0.23,0.5,0.13,CFC+: [administracao] | V2+: [funcoes essenciais justica ministerio],PARCIAL,,Análise manual necessária
39,Direito Constitucional,Do Processo Legislativo,trt4_2026p__const_t9,Direito Constitucional,"Tópico 09 - Poder Legislativo: Congresso Nacional, Câmara, Senado, Processo Legislativo e Fiscalização Contábil/Financeira/Orçamentária",0.45,1,0.22,V2+: [poder congresso nacional camara],CFC_MAIS_ESTREITO,,Análise manual necessária
40,Direito Constitucional,"Da Fiscalização Contábil, Financeira e Orçamentária",trt4_2026p__const_t9,Direito Constitucional,"Tópico 09 - Poder Legislativo: Congresso Nacional, Câmara, Senado, Processo Legislativo e Fiscalização Contábil/Financeira/Orçamentária",0.14,0.25,0.11,CFC+: [contabil financeira orcamentaria] | V2+: [poder legislativo congresso nacional],NENHUM,,Análise manual necessária
41,Direito Constitucional,Do Poder Executivo,trt4_2026p__const_t8,Direito Constitucional,Tópico 08 - Poder Executivo: Atribuições e responsabilidades do Presidente da República,0.53,1,0.33,V2+: [atribuicoes responsabilidades presidente republica],CFC_MAIS_ESTREITO,,Correspondência forte sugerida
41,Direito Constitucional,Do Poder Executivo,trt4_2026p__const_t9,Direito Constitucional,"Tópico 09 - Poder Legislativo: Congresso Nacional, Câmara, Senado, Processo Legislativo e Fiscalização Contábil/Financeira/Orçamentária",0.22,0.5,0.11,CFC+: [executivo] | V2+: [legislativo congresso nacional camara],PARCIAL,,Análise manual necessária
41,Direito Constitucional,Do Poder Executivo,trt4_2026p__const_t10,Direito Constitucional,Tópico 10 - Poder Judiciário: Disposições gerais; STF; CNJ; STJ; Tribunais e Juízes do Trabalho; CSJT,0.21,0.5,0.09,CFC+: [executivo] | V2+: [judiciario disposicoes gerais stf],PARCIAL,,Análise manual necessária
42,Direito Constitucional,Do Poder Judiciário,trt4_2026p__const_t10,Direito Constitucional,Tópico 10 - Poder Judiciário: Disposições gerais; STF; CNJ; STJ; Tribunais e Juízes do Trabalho; CSJT,0.43,1,0.18,V2+: [disposicoes gerais stf cnj],CFC_MAIS_ESTREITO,,Análise manual necessária
42,Direito Constitucional,Do Poder Judiciário,trt4_2026p__const_t8,Direito Constitucional,Tópico 08 - Poder Executivo: Atribuições e responsabilidades do Presidente da República,0.26,0.5,0.17,CFC+: [judiciario] | V2+: [executivo atribuicoes responsabilidades presidente],PARCIAL,,Análise manual necessária
42,Direito Constitucional,Do Poder Judiciário,trt4_2026p__const_t9,Direito Constitucional,"Tópico 09 - Poder Legislativo: Congresso Nacional, Câmara, Senado, Processo Legislativo e Fiscalização Contábil/Financeira/Orçamentária",0.22,0.5,0.11,CFC+: [judiciario] | V2+: [legislativo congresso nacional camara],PARCIAL,,Análise manual necessária
43,Direito Constitucional,Das Funções Essenciais à Justiça,trt4_2026p__const_t11,Direito Constitucional,"Tópico 11 - Funções Essenciais à Justiça: Ministério Público, Advocacia Pública, Advocacia e Defensoria Pública",0.56,1,0.38,V2+: [ministerio publico advocacia publica],CFC_MAIS_ESTREITO,,Correspondência forte sugerida
44,Direito Constitucional,Da Defesa do Estado e das Instituições Democráticas,trt4_2026p__const_t6,Direito Constitucional,"Tópico 06 - Organização do Estado: Organização político-administrativa da União, Estados, Municípios, DF e Territórios",0.14,0.25,0.11,CFC+: [defesa instituicoes democraticas] | V2+: [organizacao politico administrativa uniao],NENHUM,,Análise manual necessária
45,Direito Constitucional,Da Ordem Social,,Direito Constitucional,NENHUM,0,0,0,N/A,NENHUM,,Tópico genérico (Jurisprudência/Súmula/Exercícios) sem correspondente direto no edital
46,Direito Constitucional,Controle de Constitucionalidade,trt4_2026p__const_t3,Direito Constitucional,"Tópico 03 - Controle de Constitucionalidade: Sistemas difuso e concentrado; ADI, ADC e ADPF",0.48,1,0.25,V2+: [sistemas difuso concentrado adi],CFC_MAIS_ESTREITO,,Análise manual necessária
47,Direito Processual do Trabalho,Organização da Justiça do Trabalho,,Direito Processual do Trabalho,NENHUM,0,0,0,N/A,NENHUM,,Tópico genérico (Jurisprudência/Súmula/Exercícios) sem correspondente direto no edital
48,Direito Processual do Trabalho,Jurisdição e Competência da Justiça do Trabalho,,Direito Processual do Trabalho,NENHUM,0,0,0,N/A,NENHUM,,Tópico genérico (Jurisprudência/Súmula/Exercícios) sem correspondente direto no edital
49,Direito Processual do Trabalho,Do Processo em Geral,,Direito Processual do Trabalho,NENHUM,0,0,0,N/A,NENHUM,,Tópico genérico (Jurisprudência/Súmula/Exercícios) sem correspondente direto no edital
50,Direito Processual do Trabalho,Dos Dissídios Individuais,,Direito Processual do Trabalho,NENHUM,0,0,0,N/A,NENHUM,,Tópico genérico (Jurisprudência/Súmula/Exercícios) sem correspondente direto no edital
51,Direito Processual do Trabalho,Da Execução,,Direito Processual do Trabalho,NENHUM,0,0,0,N/A,NENHUM,,Tópico genérico (Jurisprudência/Súmula/Exercícios) sem correspondente direto no edital
52,Direito Processual do Trabalho,Recursos Trabalhistas,,Direito Processual do Trabalho,NENHUM,0,0,0,N/A,NENHUM,,Tópico genérico (Jurisprudência/Súmula/Exercícios) sem correspondente direto no edital
53,Direito Processual do Trabalho,Prescrição no Direito Processual do Trabalho,,Direito Processual do Trabalho,NENHUM,0,0,0,N/A,NENHUM,,Tópico genérico (Jurisprudência/Súmula/Exercícios) sem correspondente direto no edital
54,Direito Processual do Trabalho,Jurisprudências,,Direito Processual do Trabalho,NENHUM,0,0,0,N/A,NENHUM,,Tópico genérico (Jurisprudência/Súmula/Exercícios) sem correspondente direto no edital
55,Direito Processual Civil,Introdução,,Direito Processual Civil,NENHUM,0,0,0,N/A,NENHUM,,Tópico genérico (Jurisprudência/Súmula/Exercícios) sem correspondente direto no edital
56,Direito Processual Civil,Da Função Jurisdicional,,Direito Processual Civil,NENHUM,0,0,0,N/A,NENHUM,,Tópico genérico (Jurisprudência/Súmula/Exercícios) sem correspondente direto no edital
57,Direito Processual Civil,Partes e dos Procuradores  -   Sujeitos do Processo,trt4_2026p__proc_civil_t4,Direito Processual Civil,"Tópico 04 - Sujeitos do Processo: Partes, procuradores, capacidade, representação, honorários, gratuidade da justiça, Litisconsórcio",0.58,1,0.4,V2+: [capacidade representacao honorarios gratuidade],CFC_MAIS_ESTREITO,,Correspondência forte sugerida
57,Direito Processual Civil,Partes e dos Procuradores  -   Sujeitos do Processo,trt4_2026p__proc_civil_t8,Direito Processual Civil,"Tópico 08 - Tutela Provisória (urgência e evidência). Formação, suspensão e extinção do processo",0.15,0.25,0.13,CFC+: [partes procuradores sujeitos] | V2+: [tutela provisoria urgencia evidencia],NENHUM,,Análise manual necessária
57,Direito Processual Civil,Partes e dos Procuradores  -   Sujeitos do Processo,trt4_2026p__proc_civil_t1,Direito Processual Civil,"Tópico 01 - Código de Processo Civil (Lei 13.105/2015): Princípios gerais, fontes, eficácia, aplicação, interpretação e direito intertemporal",0.12,0.25,0.07,CFC+: [partes procuradores sujeitos] | V2+: [codigo civil lei 13],NENHUM,,Análise manual necessária
57,Direito Processual Civil,Partes e dos Procuradores  -   Sujeitos do Processo,trt4_2026p__proc_civil_t13,Direito Processual Civil,"Tópico 13 - Processo de Execução: Princípios, execução contra a Fazenda Pública (Precatórios e RPV), Penhora, Expropriação, Embargos, Exceção de Pré-executividade",0.12,0.25,0.07,CFC+: [partes procuradores sujeitos] | V2+: [execucao principios contra fazenda],NENHUM,,Análise manual necessária
58,Direito Processual Civil,Juiz e dos Auxiliares da Justiça,trt4_2026p__proc_civil_t6,Direito Processual Civil,"Tópico 06 - Juiz (poderes, deveres, impedimento e suspeição). Auxiliares da justiça, MP, Advocacia Pública e Defensoria Pública",0.49,1,0.27,V2+: [poderes deveres impedimento suspeicao],CFC_MAIS_ESTREITO,,Análise manual necessária
58,Direito Processual Civil,Juiz e dos Auxiliares da Justiça,trt4_2026p__proc_civil_t4,Direito Processual Civil,"Tópico 04 - Sujeitos do Processo: Partes, procuradores, capacidade, representação, honorários, gratuidade da justiça, Litisconsórcio",0.16,0.33,0.1,CFC+: [juiz auxiliares] | V2+: [sujeitos processo partes procuradores],PARCIAL,,Análise manual necessária
59,Direito Processual Civil,Atos Processuais,trt4_2026p__proc_civil_t7,Direito Processual Civil,"Tópico 07 - Atos processuais (forma, tempo, lugar, prazos), Comunicação dos atos (citação, intimação) e Nulidades",0.44,1,0.2,V2+: [forma tempo lugar prazos],CFC_MAIS_ESTREITO,,Análise manual necessária
60,Direito Processual Civil,Tutela Provisória (arts. 294 a 311),trt4_2026p__proc_civil_t8,Direito Processual Civil,"Tópico 08 - Tutela Provisória (urgência e evidência). Formação, suspensão e extinção do processo",0.27,0.4,0.25,CFC+: [arts 294 311] | V2+: [urgencia evidencia formacao suspensao],PARCIAL,,Análise manual necessária
61,Direito Processual Civil,"Formação, Suspensão e Extinção do Processo (arts. 312 a 317)",trt4_2026p__proc_civil_t8,Direito Processual Civil,"Tópico 08 - Tutela Provisória (urgência e evidência). Formação, suspensão e extinção do processo",0.47,0.57,0.5,CFC+: [arts 312 317] | V2+: [tutela provisoria urgencia evidencia],PARCIAL,,Análise manual necessária
62,Direito Processual Civil,Procedimento Comum,trt4_2026p__proc_civil_t9,Direito Processual Civil,"Tópico 09 - Procedimento comum: Petição inicial, Contestação, Reconvenção, Revelia, Saneamento e Julgamento conforme o estado",0.43,1,0.18,V2+: [peticao inicial contestacao reconvencao],CFC_MAIS_ESTREITO,,Análise manual necessária
63,Direito Processual Civil,Cumprimento da Sentença (arts. 513 a 538),trt4_2026p__proc_civil_t11,Direito Processual Civil,"Tópico 11 - Sentença (elementos, efeitos, remessa necessária), Coisa Julgada, Liquidação e Cumprimento de Sentença",0.25,0.4,0.22,CFC+: [arts 513 538] | V2+: [elementos efeitos remessa necessaria],PARCIAL,,Análise manual necessária
64,Direito Processual Civil,Do Processo de Execução,trt4_2026p__proc_civil_t13,Direito Processual Civil,"Tópico 13 - Processo de Execução: Princípios, execução contra a Fazenda Pública (Precatórios e RPV), Penhora, Expropriação, Embargos, Exceção de Pré-executividade",0.4,1,0.14,V2+: [principios contra fazenda publica],CFC_MAIS_ESTREITO,,Análise manual necessária
64,Direito Processual Civil,Do Processo de Execução,trt4_2026p__proc_civil_t8,Direito Processual Civil,"Tópico 08 - Tutela Provisória (urgência e evidência). Formação, suspensão e extinção do processo",0.23,0.5,0.13,CFC+: [execucao] | V2+: [tutela provisoria urgencia evidencia],PARCIAL,,Análise manual necessária
64,Direito Processual Civil,Do Processo de Execução,trt4_2026p__proc_civil_t4,Direito Processual Civil,"Tópico 04 - Sujeitos do Processo: Partes, procuradores, capacidade, representação, honorários, gratuidade da justiça, Litisconsórcio",0.22,0.5,0.1,CFC+: [execucao] | V2+: [sujeitos partes procuradores capacidade],PARCIAL,,Análise manual necessária
64,Direito Processual Civil,Do Processo de Execução,trt4_2026p__proc_civil_t1,Direito Processual Civil,"Tópico 01 - Código de Processo Civil (Lei 13.105/2015): Princípios gerais, fontes, eficácia, aplicação, interpretação e direito intertemporal",0.2,0.5,0.07,CFC+: [execucao] | V2+: [codigo civil lei 13],PARCIAL,,Análise manual necessária
65,Direito Processual Civil,Meios de Impugnação das Decisões Judiciais,,Direito Processual Civil,NENHUM,0,0,0,N/A,NENHUM,,Tópico genérico (Jurisprudência/Súmula/Exercícios) sem correspondente direto no edital
66,Direito Processual Civil,Dos Recursos,trt4_2026p__proc_civil_t12,Direito Processual Civil,"Tópico 12 - Recursos: Disposições gerais, Agravo Interno e de Instrumento, Embargos de Declaração, Repercussão Geral, Recursos Repetitivos",0.36,1,0.09,V2+: [disposicoes gerais agravo interno],CFC_MAIS_ESTREITO,,Análise manual necessária
67,Direito Processual Civil,Tabela Auxiliar de Prazos,trt4_2026p__proc_civil_t7,Direito Processual Civil,"Tópico 07 - Atos processuais (forma, tempo, lugar, prazos), Comunicação dos atos (citação, intimação) e Nulidades",0.16,0.33,0.1,CFC+: [tabela auxiliar] | V2+: [atos processuais forma tempo],PARCIAL,,Análise manual necessária