v2_topic_id,v2_materia,v2_topico,v1_topic_id,v1_materia,v1_topico,relacao_sugerida,score,cont_v1,cont_v2,sobra,revisado,observacao
trt4_2026p__const_t7,Direito Constitucional,Tópico 07 - Administração Pública: Disposições gerais e Servidores Públicos,const_t9,Direito Constitucional,Tópico 09 - Administração Pública. Servidores públicos.,PARCIAL,0.77,1,0.67,V2+: [disposicoes gerais],PARCIAL,
trt4_2026p__const_t5,Direito Constitucional,Tópico 05 - Direitos e Garantias Fundamentais: Nacionalidade e Direitos políticos,const_t6,Direito Constitucional,Tópico 06 - Direitos políticos.,V1_MAIS_ESTREITO,0.58,1,0.4,V2+: [garantias fundamentais nacionalidade],V1_MAIS_ESTREITO,
trt4_2026p__const_t11,Direito Constitucional,"Tópico 11 - Funções Essenciais à Justiça: Ministério Público, Advocacia Pública, Advocacia e Defensoria Pública",const_t14,Direito Constitucional,Tópico 14 - Funções essenciais à Justiça.,V1_MAIS_ESTREITO,0.56,1,0.38,V2+: [ministerio publico advocacia publica],V1_MAIS_ESTREITO,
trt4_2026p__const_t4,Direito Constitucional,Tópico 04 - Direitos e Garantias Fundamentais: Direitos e deveres individuais e coletivos; Direitos sociais,const_t2,Direito Constitucional,Tópico 02 - Direitos e deveres individuais e coletivos — Parte I.,V1_MAIS_ESTREITO,0.55,0.67,0.57,V1+: [parte i] | V2+: [garantias fundamentais sociais],V1_MAIS_ESTREITO,
trt4_2026p__const_t4,Direito Constitucional,Tópico 04 - Direitos e Garantias Fundamentais: Direitos e deveres individuais e coletivos; Direitos sociais,const_t3,Direito Constitucional,Tópico 03 - Direitos e deveres individuais e coletivos — Parte II.,V1_MAIS_ESTREITO,0.55,0.67,0.57,V1+: [parte ii] | V2+: [garantias fundamentais sociais],V1_MAIS_ESTREITO,
trt4_2026p__const_t6,Direito Constitucional,"Tópico 06 - Organização do Estado: Organização político-administrativa da União, Estados, Municípios, DF e Territórios",const_t8,Direito Constitucional,Tópico 08 - Organização político-administrativa.,V1_MAIS_ESTREITO,0.53,1,0.33,V2+: [estado uniao estados municipios],V1_MAIS_ESTREITO,
trt4_2026p__const_t8,Direito Constitucional,Tópico 08 - Poder Executivo: Atribuições e responsabilidades do Presidente da República,const_t12,Direito Constitucional,Tópico 12 - Poder Executivo.,V1_MAIS_ESTREITO,0.53,1,0.33,V2+: [atribuicoes responsabilidades presidente republica],V1_MAIS_ESTREITO,
trt4_2026p__const_t4,Direito Constitucional,Tópico 04 - Direitos e Garantias Fundamentais: Direitos e deveres individuais e coletivos; Direitos sociais,const_t4,Direito Constitucional,Tópico 04 - Direitos sociais.,V1_MAIS_ESTREITO,0.5,1,0.29,V2+: [garantias fundamentais deveres individuais],V1_MAIS_ESTREITO,
trt4_2026p__const_t3,Direito Constitucional,"Tópico 03 - Controle de Constitucionalidade: Sistemas difuso e concentrado; ADI, ADC e ADPF",const_t16,Direito Constitucional,Tópico 16 - Controle de Constitucionalidade.,V1_MAIS_ESTREITO,0.48,1,0.25,V2+: [sistemas difuso concentrado adi],V1_MAIS_ESTREITO,
trt4_2026p__const_t9,Direito Constitucional,"Tópico 09 - Poder Legislativo: Congresso Nacional, Câmara, Senado, Processo Legislativo e Fiscalização Contábil/Financeira/Orçamentária",const_t10,Direito Constitucional,Tópico 10 - Poder Legislativo.,V1_MAIS_ESTREITO,0.45,1,0.22,V2+: [congresso nacional camara senado],V1_MAIS_ESTREITO,
trt4_2026p__const_t5,Direito Constitucional,Tópico 05 - Direitos e Garantias Fundamentais: Nacionalidade e Direitos políticos,const_t5,Direito Constitucional,Tópico 05 - Nacionalidade.,V1_MAIS_ESTREITO,0.44,1,0.2,V2+: [direitos garantias fundamentais politicos],V1_MAIS_ESTREITO,
trt4_2026p__const_t10,Direito Constitucional,Tópico 10 - Poder Judiciário: Disposições gerais; STF; CNJ; STJ; Tribunais e Juízes do Trabalho; CSJT,const_t13,Direito Constitucional,Tópico 13 - Poder Judiciário.,V1_MAIS_ESTREITO,0.43,1,0.18,V2+: [disposicoes gerais stf cnj],V1_MAIS_ESTREITO,
trt4_2026p__const_t5,Direito Constitucional,Tópico 05 - Direitos e Garantias Fundamentais: Nacionalidade e Direitos políticos,const_t1,Direito Constitucional,Tópico 01 - Teoria geral dos direitos fundamentais.,PARCIAL,0.38,0.5,0.4,V1+: [teoria geral] | V2+: [garantias nacionalidade politicos],PARCIAL,
trt4_2026p__const_t2,Direito Constitucional,"Tópico 02 - Aplicabilidade, interpretação, vigência e eficácia das normas constitucionais",const_t0,Direito Constitucional,Tópico 00 - Conceitos introdutórios. Classificação e aplicabilidade das normas.,PARCIAL,0.31,0.4,0.33,V1+: [conceitos introdutorios classificacao] | V2+: [interpretacao vigencia eficacia constitucionais],PARCIAL,
trt4_2026p__const_t9,Direito Constitucional,"Tópico 09 - Poder Legislativo: Congresso Nacional, Câmara, Senado, Processo Legislativo e Fiscalização Contábil/Financeira/Orçamentária",const_t11,Direito Constitucional,Tópico 11 - Processo Legislativo. Reforma Constitucional.,PARCIAL,0.29,0.5,0.22,V1+: [reforma constitucional] | V2+: [poder congresso nacional camara],PARCIAL,
trt4_2026p__const_t8,Direito Constitucional,Tópico 08 - Poder Executivo: Atribuições e responsabilidades do Presidente da República,const_t10,Direito Constitucional,Tópico 10 - Poder Legislativo.,PARCIAL,0.26,0.5,0.17,V1+: [legislativo] | V2+: [executivo atribuicoes responsabilidades presidente],PARCIAL,
trt4_2026p__const_t8,Direito Constitucional,Tópico 08 - Poder Executivo: Atribuições e responsabilidades do Presidente da República,const_t13,Direito Constitucional,Tópico 13 - Poder Judiciário.,PARCIAL,0.26,0.5,0.17,V1+: [judiciario] | V2+: [executivo atribuicoes responsabilidades presidente],PARCIAL,
trt4_2026p__const_t1,Direito Constitucional,Tópico 01 - Constituição: Princípios fundamentais,const_t0,Direito Constitucional,Tópico 00 - Conceitos introdutórios. Classificação e aplicabilidade das normas.,PARCIAL,0,0,0,(curadoria manual),PARCIAL,Princípios fundamentais (arts.1-4) caem em Conceitos introdutórios na grade do Estratégia
,,,const_t7,Direito Constitucional,Tópico 07 - Partidos políticos.,NENHUM,0,0,0,N/A,NENHUM,Tópico V1 sem correspondente relevante na V2
,,,const_t15,Direito Constitucional,Tópico 15 - Ordem Social.,NENHUM,0,0,0,N/A,NENHUM,Tópico V1 sem correspondente relevante na V2
trt4_2026p__proc_trab_t17,Direito Processual do Trabalho,Tópico 17 - Recursos no processo do trabalho,proc_work_t6,Direito Processual do Trabalho,Tópico 06 - Recursos no processo do trabalho — teoria geral e recursos em espécie.,V1_MAIS_AMPLO,0.65,0.5,1,V1+: [teoria geral especie],V1_MAIS_AMPLO,
trt4_2026p__proc_trab_t1,Direito Processual do Trabalho,"Tópico 01 - Justiça do Trabalho: Organização e competência (Varas, TRTs e TST)",proc_work_t1,Direito Processual do Trabalho,Tópico 01 - Competência da Justiça do Trabalho.,V1_MAIS_ESTREITO,0.6,1,0.43,V2+: [organizacao varas trts tst],V1_MAIS_ESTREITO,
trt4_2026p__proc_trab_t3,Direito Processual do Trabalho,Tópico 03 - Ministério Público do Trabalho: Organização e competência,proc_work_t1,Direito Processual do Trabalho,Tópico 01 - Competência da Justiça do Trabalho.,V1_MAIS_ESTREITO,0.45,0.67,0.4,V1+: [justica] | V2+: [ministerio publico organizacao],V1_MAIS_ESTREITO,
trt4_2026p__proc_trab_t18,Direito Processual do Trabalho,Tópico 18 - Processo Judicial Eletrônico (PJe); Reforma Trabalhista (Lei 13.467/2017); Leis 6.858/80 e 5.584/70,proc_work_t10,Direito Processual do Trabalho,Tópico 10 - Processo Judicial Eletrônico.,V1_MAIS_ESTREITO,0.45,1,0.21,V2+: [pje reforma trabalhista lei],V1_MAIS_ESTREITO,
trt4_2026p__proc_trab_t3,Direito Processual do Trabalho,Tópico 03 - Ministério Público do Trabalho: Organização e competência,proc_work_t2,Direito Processual do Trabalho,Tópico 02 - Serviços Auxiliares da Justiça do Trabalho. Partes e Procuradores. Ministério Público.,PARCIAL,0.41,0.38,0.6,V1+: [servicos auxiliares justica partes] | V2+: [organizacao competencia],PARCIAL,
trt4_2026p__proc_trab_t17,Direito Processual do Trabalho,Tópico 17 - Recursos no processo do trabalho,proc_work_t0,Direito Processual do Trabalho,Tópico 00 - Teoria geral do processo do trabalho. Princípios e organização da Justiça do Trabalho.,V1_MAIS_AMPLO,0.39,0.29,0.67,V1+: [teoria geral principios organizacao] | V2+: [recursos],V1_MAIS_AMPLO,
trt4_2026p__proc_trab_t1,Direito Processual do Trabalho,"Tópico 01 - Justiça do Trabalho: Organização e competência (Varas, TRTs e TST)",proc_work_t0,Direito Processual do Trabalho,Tópico 00 - Teoria geral do processo do trabalho. Princípios e organização da Justiça do Trabalho.,PARCIAL,0.37,0.43,0.43,V1+: [teoria geral processo principios] | V2+: [competencia varas trts tst],PARCIAL,
trt4_2026p__proc_trab_t2,Direito Processual do Trabalho,"Tópico 02 - Serviços auxiliares da Justiça do Trabalho (Secretarias, Distribuidores, Oficial de Justiça, Peritos, Honorários Periciais, Gratuidade)",proc_work_t2,Direito Processual do Trabalho,Tópico 02 - Serviços Auxiliares da Justiça do Trabalho. Partes e Procuradores. Ministério Público.,PARCIAL,0.36,0.5,0.36,V1+: [partes procuradores ministerio publico] | V2+: [secretarias distribuidores oficial peritos],PARCIAL,
trt4_2026p__proc_trab_t5,Direito Processual do Trabalho,"Tópico 05 - Atos, termos e prazos processuais. Distribuição. Valor da causa. Custas e emolumentos",proc_work_t3,Direito Processual do Trabalho,Tópico 03 - Prazos processuais. Custas. Nulidades processuais. Petição inicial.,PARCIAL,0.35,0.5,0.33,V1+: [nulidades peticao inicial] | V2+: [atos termos distribuicao valor],PARCIAL,
trt4_2026p__proc_trab_t2,Direito Processual do Trabalho,"Tópico 02 - Serviços auxiliares da Justiça do Trabalho (Secretarias, Distribuidores, Oficial de Justiça, Peritos, Honorários Periciais, Gratuidade)",proc_work_t1,Direito Processual do Trabalho,Tópico 01 - Competência da Justiça do Trabalho.,V1_MAIS_ESTREITO,0.32,0.67,0.18,V1+: [competencia] | V2+: [servicos auxiliares secretarias distribuidores],V1_MAIS_ESTREITO,
trt4_2026p__proc_trab_t12,Direito Processual do Trabalho,"Tópico 12 - Procedimentos especiais: Inquérito para apuração de falta grave, Ação Rescisória, Mandado de Segurança, Ação Civil Pública",proc_work_t8,Direito Processual do Trabalho,Tópico 08 - Procedimentos especiais trabalhistas.,V1_MAIS_ESTREITO,0.31,0.67,0.17,V1+: [trabalhistas] | V2+: [inquerito apuracao falta grave],V1_MAIS_ESTREITO,
trt4_2026p__proc_trab_t3,Direito Processual do Trabalho,Tópico 03 - Ministério Público do Trabalho: Organização e competência,proc_work_t0,Direito Processual do Trabalho,Tópico 00 - Teoria geral do processo do trabalho. Princípios e organização da Justiça do Trabalho.,PARCIAL,0.29,0.29,0.4,V1+: [teoria geral processo principios] | V2+: [ministerio publico competencia],PARCIAL,
trt4_2026p__proc_trab_t14,Direito Processual do Trabalho,"Tópico 14 - Liquidação da sentença (cálculo, artigos, arbitramento). Dissídios coletivos (extensão, cumprimento, revisão)",proc_work_t7,Direito Processual do Trabalho,Tópico 07 - Liquidação de sentença e processo de execução.,PARCIAL,0.28,0.5,0.2,V1+: [processo execucao] | V2+: [calculo artigos arbitramento dissidios],PARCIAL,
trt4_2026p__proc_trab_t17,Direito Processual do Trabalho,Tópico 17 - Recursos no processo do trabalho,proc_work_t1,Direito Processual do Trabalho,Tópico 01 - Competência da Justiça do Trabalho.,PARCIAL,0.28,0.33,0.33,V1+: [competencia justica] | V2+: [recursos processo],PARCIAL,
trt4_2026p__proc_trab_t9,Direito Processual do Trabalho,"Tópico 09 - Audiências (conciliação, instrução, julgamento); Notificação, Arquivamento, Revelia e Confissão",proc_work_t4,Direito Processual do Trabalho,Tópico 04 - Notificação do reclamado. Resposta do réu. Revelia.,PARCIAL,0.27,0.4,0.25,V1+: [reclamado resposta reu] | V2+: [audiencias conciliacao instrucao julgamento],PARCIAL,
trt4_2026p__proc_trab_t4,Direito Processual do Trabalho,"Tópico 04 - Princípios gerais do processo trabalhista (aplicação subsidiária do CPC). Prescrição, decadência e prescrição intercorrente",proc_work_t0,Direito Processual do Trabalho,Tópico 00 - Teoria geral do processo do trabalho. Princípios e organização da Justiça do Trabalho.,V1_MAIS_AMPLO,0,0,0,(curadoria manual),V1_MAIS_AMPLO,Teoria geral cobre princípios + organização
trt4_2026p__proc_trab_t6,Direito Processual do Trabalho,Tópico 06 - Partes e procuradores: Jus postulandi; Substituição e representação processual; Massa falida e Recuperação Judicial,proc_work_t2,Direito Processual do Trabalho,Tópico 02 - Serviços Auxiliares da Justiça do Trabalho. Partes e Procuradores. Ministério Público.,V1_MAIS_AMPLO,0,0,0,(curadoria manual),V1_MAIS_AMPLO,Partes e Procuradores dentro de Serviços Auxiliares
trt4_2026p__proc_trab_t7,Direito Processual do Trabalho,"Tópico 07 - Litisconsórcio, Assistência judiciária, Honorários advocatícios",proc_work_t2,Direito Processual do Trabalho,Tópico 02 - Serviços Auxiliares da Justiça do Trabalho. Partes e Procuradores. Ministério Público.,PARCIAL,0,0,0,(curadoria manual),PARCIAL,Litisconsórcio/honorários parcialmente em Partes e Procuradores
trt4_2026p__proc_trab_t8,Direito Processual do Trabalho,Tópico 08 - Nulidades e Exceções. Dano processual. Conflitos de jurisdição/competência,proc_work_t3,Direito Processual do Trabalho,Tópico 03 - Prazos processuais. Custas. Nulidades processuais. Petição inicial.,PARCIAL,0,0,0,(curadoria manual),PARCIAL,Nulidades em t3; exceções e conflitos de jurisdição não cobertos
trt4_2026p__proc_trab_t10,Direito Processual do Trabalho,Tópico 10 - Provas. Decisão e sua eficácia,proc_work_t5,Direito Processual do Trabalho,Tópico 05 - Audiência. Provas. Sentença. Coisa julgada. Rito sumário e sumaríssimo.,V1_MAIS_AMPLO,0,0,0,(curadoria manual),V1_MAIS_AMPLO,t5 cobre Audiência+Provas+Sentença+Coisa julgada
trt4_2026p__proc_trab_t11,Direito Processual do Trabalho,"Tópico 11 - Dissídios individuais: Reclamação escrita e verbal, Legitimidade, Procedimento Ordinário e Sumaríssimo",proc_work_t3,Direito Processual do Trabalho,Tópico 03 - Prazos processuais. Custas. Nulidades processuais. Petição inicial.,PARCIAL,0,0,0,(curadoria manual),PARCIAL,Reclamação/petição inicial em t3; legitimação parcial
trt4_2026p__proc_trab_t13,Direito Processual do Trabalho,Tópico 13 - IDPJ e Homologação de acordo extrajudicial (Jurisdição Voluntária),proc_work_t8,Direito Processual do Trabalho,Tópico 08 - Procedimentos especiais trabalhistas.,PARCIAL,0,0,0,(curadoria manual),PARCIAL,IDPJ e jurisdição voluntária tangenciam procedimentos especiais
trt4_2026p__proc_trab_t15,Direito Processual do Trabalho,"Tópico 15 - Execução: Provisória e definitiva, Prestações sucessivas, Fazenda Pública, Massa Falida. Citação, depósito, penhora, bens impenhoráveis (Lei 8.009/90)",proc_work_t7,Direito Processual do Trabalho,Tópico 07 - Liquidação de sentença e processo de execução.,V1_MAIS_AMPLO,0,0,0,(curadoria manual),V1_MAIS_AMPLO,t7 cobre liquidação + execução inteira
trt4_2026p__proc_trab_t16,Direito Processual do Trabalho,"Tópico 16 - Garantias na execução (Seguro-fiança, seguro-garantia). Embargos à execução, Impugnação, Embargos de terceiro, Praça/Leilão/Arrematação",proc_work_t7,Direito Processual do Trabalho,Tópico 07 - Liquidação de sentença e processo de execução.,V1_MAIS_AMPLO,0,0,0,(curadoria manual),V1_MAIS_AMPLO,Garantias e embargos dentro de processo de execução
trt4_2026p__proc_trab_t19,Direito Processual do Trabalho,"Tópico 19 - Política Judiciária de Solução de Disputas (Res. CSJT 174/16 e 288/21, RA TRT4 05/22)",,,,NENHUM,0,0,0,N/A,NENHUM,Res. CSJT 174/16 não existe na grade do Estratégia
trt4_2026p__proc_trab_t20,Direito Processual do Trabalho,"Tópico 20 - Súmulas, OJ, IN e Atos do TST; Súmulas Vinculantes do STF relativas ao Processo do Trabalho",,,,NENHUM,0,0,0,N/A,NENHUM,Súmulas/OJ do TST sem tópico próprio na V1
,,,proc_work_t5,Direito Processual do Trabalho,Tópico 05 - Audiência. Provas. Sentença. Coisa julgada. Rito sumário e sumaríssimo.,NENHUM,0,0,0,N/A,NENHUM,Tópico V1 sem correspondente relevante na V2
,,,proc_work_t9,Direito Processual do Trabalho,Tópico 09 - Dissídio coletivo de trabalho e ação de cumprimento.,NENHUM,0,0,0,N/A,NENHUM,Tópico V1 sem correspondente relevante na V2
trt4_2026p__trab_t6,Direito do Trabalho,Tópico 06 - Suspensão e Interrupção do contrato de trabalho,work_t4,Direito do Trabalho,"Tópico 04 - Contrato de trabalho. Alteração, suspensão e interrupção. Poderes do empregador.",V1_MAIS_AMPLO,0.7,0.57,1,V1+: [alteracao poderes empregador],V1_MAIS_AMPLO,
trt4_2026p__trab_t1,Direito do Trabalho,Tópico 01 - Princípios e fontes do Direito do Trabalho. Direitos constitucionais dos trabalhadores (art. 7º CF/88),work_t1,Direito do Trabalho,Tópico 01 - Princípios e fontes do Direito do Trabalho. Direitos Constitucionais dos Trabalhadores. Renúncia e transação.,PARCIAL,0.68,0.78,0.7,V1+: [renuncia transacao] | V2+: [art 7 cf/88],PARCIAL,
trt4_2026p__trab_t11,Direito do Trabalho,"Tópico 11 - Salário e Remuneração: Conceito, composição, modalidades, pagamento, 13º salário; Equiparação salarial, Desvio de função",work_t7,Direito do Trabalho,Tópico 07 - Remuneração e salário. Equiparação salarial.,V1_MAIS_ESTREITO,0.55,1,0.36,V2+: [conceito composicao modalidades pagamento],V1_MAIS_ESTREITO,
trt4_2026p__trab_t12,Direito do Trabalho,Tópico 12 - FGTS. Prescrição e decadência trabalhista,work_t8,Direito do Trabalho,Tópico 08 - Férias. Prescrição e decadência.,V1_MAIS_ESTREITO,0.51,0.67,0.5,V1+: [ferias] | V2+: [fgts trabalhista],V1_MAIS_ESTREITO,
trt4_2026p__trab_t9,Direito do Trabalho,"Tópico 09 - Duração do trabalho: Jornada, In itinere, Descansos, Intervalos, DSR, Trabalho noturno e extraordinário, Compensação de horas",work_t6,Direito do Trabalho,Tópico 06 - Jornada de trabalho e descansos.,V1_MAIS_ESTREITO,0.48,1,0.25,V2+: [duracao in itinere intervalos],V1_MAIS_ESTREITO,
trt4_2026p__trab_t12,Direito do Trabalho,Tópico 12 - FGTS. Prescrição e decadência trabalhista,work_t11,Direito do Trabalho,Tópico 11 - FGTS.,V1_MAIS_ESTREITO,0.48,1,0.25,V2+: [prescricao decadencia trabalhista],V1_MAIS_ESTREITO,
trt4_2026p__trab_t13,Direito do Trabalho,"Tópico 13 - Segurança e Medicina no Trabalho: CIPA, EPI, Atividades insalubres e perigosas",work_t9,Direito do Trabalho,Tópico 09 - Segurança e Saúde do Trabalho. CIPA. Trabalho do menor e da mulher.,PARCIAL,0.37,0.5,0.38,V1+: [saude menor mulher] | V2+: [medicina epi atividades insalubres],PARCIAL,
trt4_2026p__trab_t8,Direito do Trabalho,Tópico 08 - Estabilidade e garantias provisórias de emprego; Reintegração; Força maior,work_t5,Direito do Trabalho,Tópico 05 - Término do contrato de trabalho. Aviso prévio. Garantias provisórias de emprego.,PARCIAL,0.34,0.38,0.43,V1+: [termino contrato trabalho aviso] | V2+: [estabilidade reintegracao forca maior],PARCIAL,
trt4_2026p__trab_t6,Direito do Trabalho,Tópico 06 - Suspensão e Interrupção do contrato de trabalho,work_t5,Direito do Trabalho,Tópico 05 - Término do contrato de trabalho. Aviso prévio. Garantias provisórias de emprego.,PARCIAL,0.31,0.25,0.5,V1+: [termino aviso previo garantias] | V2+: [suspensao interrupcao],PARCIAL,
trt4_2026p__trab_t6,Direito do Trabalho,Tópico 06 - Suspensão e Interrupção do contrato de trabalho,work_t13,Direito do Trabalho,Tópico 13 - Trabalho doméstico.,PARCIAL,0.31,0.5,0.25,V1+: [domestico] | V2+: [suspensao interrupcao contrato],PARCIAL,
trt4_2026p__trab_t12,Direito do Trabalho,Tópico 12 - FGTS. Prescrição e decadência trabalhista,work_t3,Direito do Trabalho,Tópico 03 - Terceirização trabalhista.,PARCIAL,0.31,0.5,0.25,V1+: [terceirizacao] | V2+: [fgts prescricao decadencia],PARCIAL,
trt4_2026p__trab_t14,Direito do Trabalho,"Tópico 14 - Proteção ao trabalho da mulher, gestante e menor. Licença-maternidade e estabilidade da gestante (art. 10, ADCT)",work_t9,Direito do Trabalho,Tópico 09 - Segurança e Saúde do Trabalho. CIPA. Trabalho do menor e da mulher.,PARCIAL,0.31,0.5,0.25,V1+: [seguranca saude cipa] | V2+: [protecao ao gestante licenca],PARCIAL,
trt4_2026p__trab_t5,Direito do Trabalho,"Tópico 05 - Contrato individual de trabalho: Conceito, classificação, características; Alteração (unilateral/bilateral, jus variandi)",work_t4,Direito do Trabalho,"Tópico 04 - Contrato de trabalho. Alteração, suspensão e interrupção. Poderes do empregador.",PARCIAL,0.3,0.43,0.3,V1+: [suspensao interrupcao poderes empregador] | V2+: [individual conceito classificacao caracteristicas],PARCIAL,
trt4_2026p__trab_t3,Direito do Trabalho,Tópico 03 - Sujeitos do contrato: Empregado e Empregador; Poderes do empregador; Grupo econômico; Sucessão; Responsabilidade solidária e subsidiária,work_t4,Direito do Trabalho,"Tópico 04 - Contrato de trabalho. Alteração, suspensão e interrupção. Poderes do empregador.",PARCIAL,0.29,0.43,0.27,V1+: [trabalho alteracao suspensao interrupcao] | V2+: [sujeitos empregado grupo economico],PARCIAL,
trt4_2026p__trab_t10,Direito do Trabalho,"Tópico 10 - Salário mínimo; Férias (duração, concessão, coletivas, remuneração, abono, rescisão)",work_t7,Direito do Trabalho,Tópico 07 - Remuneração e salário. Equiparação salarial.,PARCIAL,0.29,0.5,0.22,V1+: [equiparacao salarial] | V2+: [minimo ferias duracao concessao],PARCIAL,
trt4_2026p__trab_t2,Direito do Trabalho,"Tópico 02 - Relação de trabalho vs. relação de emprego; Trabalho autônomo, eventual, temporário, avulso e intermitente",work_t2,Direito do Trabalho,Tópico 02 - Relações de trabalho e emprego. Empregado. Empregador.,PARCIAL,0.25,0.4,0.22,V1+: [relacoes empregado empregador] | V2+: [relacao vs autonomo eventual],PARCIAL,
trt4_2026p__trab_t4,Direito do Trabalho,"Tópico 04 - CTPS: Emissão, entrega, anotações e valor probatório",work_t2,Direito do Trabalho,Tópico 02 - Relações de trabalho e emprego. Empregado. Empregador.,PARCIAL,0,0,0,(curadoria manual),PARCIAL,CTPS tratada dentro de relação de emprego
trt4_2026p__trab_t7,Direito do Trabalho,"Tópico 07 - Rescisão contratual: Justas causas, Despedida indireta, Dispensa arbitrária, Despedida coletiva, Culpa recíproca, Indenização, Aviso prévio",work_t5,Direito do Trabalho,Tópico 05 - Término do contrato de trabalho. Aviso prévio. Garantias provisórias de emprego.,PARCIAL,0,0,0,(curadoria manual),PARCIAL,Término do contrato cobre justas causas; sobra dispensa coletiva
trt4_2026p__trab_t15,Direito do Trabalho,"Tópico 15 - Direito Coletivo: Liberdade sindical (Convenção 87 OIT), Categoria diferenciada, Convenções e Acordos Coletivos, Greve",work_t10,Direito do Trabalho,Tópico 10 - Comissões de Conciliação Prévia. Direito Coletivo do Trabalho.,PARCIAL,0,0,0,(curadoria manual),PARCIAL,Direito Coletivo em t10; liberdade sindical/OIT também em t12
trt4_2026p__trab_t16,Direito do Trabalho,Tópico 16 - Renúncia e Transação. Teletrabalho (Lei 13.467/2017). Dano moral trabalhista,work_t1,Direito do Trabalho,Tópico 01 - Princípios e fontes do Direito do Trabalho. Direitos Constitucionais dos Trabalhadores. Renúncia e transação.,PARCIAL,0,0,0,(curadoria manual),PARCIAL,Renúncia e transação em t1; teletrabalho e dano moral não cobertos
trt4_2026p__trab_t17,Direito do Trabalho,Tópico 17 - Acidentes de trabalho; Responsabilidade civil trabalhista; Assédio moral e sexual; Princípio da não discriminação,work_t9,Direito do Trabalho,Tópico 09 - Segurança e Saúde do Trabalho. CIPA. Trabalho do menor e da mulher.,PARCIAL,0,0,0,(curadoria manual),PARCIAL,Acidente do trabalho dentro de Segurança e Saúde; responsabilidade civil não
trt4_2026p__trab_t18,Direito do Trabalho,"Tópico 18 - Súmulas, OJ e Atos do TST; Súmulas Vinculantes do STF relativas ao Direito do Trabalho",,,,NENHUM,0,0,0,N/A,NENHUM,Súmulas/OJ do TST sem tópico próprio na V1
,,,work_t10,Direito do Trabalho,Tópico 10 - Comissões de Conciliação Prévia. Direito Coletivo do Trabalho.,NENHUM,0,0,0,N/A,NENHUM,Tópico V1 sem correspondente relevante na V2
,,,work_t12,Direito do Trabalho,Tópico 12 - Sindicatos. Greve.,NENHUM,0,0,0,N/A,NENHUM,Tópico V1 sem correspondente relevante na V2
trt4_2026p__proc_civil_t11,Direito Processual Civil,"Tópico 11 - Sentença (elementos, efeitos, remessa necessária), Coisa Julgada, Liquidação e Cumprimento de Sentença",proc_civil_t11,Direito Processual Civil,"Tópico 11 - Sentença, Coisa Julgada, Liquidação e Cumprimento de Sentença.",V1_MAIS_ESTREITO,0.69,1,0.56,V2+: [elementos efeitos remessa necessaria],V1_MAIS_ESTREITO,
trt4_2026p__proc_civil_t14,Direito Processual Civil,"Tópico 14 - Procedimentos especiais e Ações Constitucionais: Consignação, Embargos de Terceiro, Monitória, Ação Civil Pública, Mandado de Segurança, Mandado de Injunção, Habeas Data",proc_civil_t17,Direito Processual Civil,"Tópico 17 - Ação Popular, Ação Civil Pública, Mandado de Segurança, Mandado de Injunção, Habeas Data.",V1_MAIS_ESTREITO,0.61,0.89,0.5,V1+: [popular] | V2+: [procedimentos especiais acoes constitucionais],V1_MAIS_ESTREITO,
trt4_2026p__proc_civil_t8,Direito Processual Civil,"Tópico 08 - Tutela Provisória (urgência e evidência). Formação, suspensão e extinção do processo",proc_civil_t7,Direito Processual Civil,Tópico 07 - Tutela Provisória.,V1_MAIS_ESTREITO,0.48,1,0.25,V2+: [urgencia evidencia formacao suspensao],V1_MAIS_ESTREITO,
trt4_2026p__proc_civil_t7,Direito Processual Civil,"Tópico 07 - Atos processuais (forma, tempo, lugar, prazos), Comunicação dos atos (citação, intimação) e Nulidades",proc_civil_t5,Direito Processual Civil,Tópico 05 - Atos Processuais.,V1_MAIS_ESTREITO,0.44,1,0.2,V2+: [forma tempo lugar prazos],V1_MAIS_ESTREITO,
trt4_2026p__proc_civil_t8,Direito Processual Civil,"Tópico 08 - Tutela Provisória (urgência e evidência). Formação, suspensão e extinção do processo",proc_civil_t8,Direito Processual Civil,"Tópico 08 - Formação, Suspensão e Extinção do Processo. Procedimento comum até o saneamento.",PARCIAL,0.43,0.5,0.5,V1+: [procedimento comum ate saneamento] | V2+: [tutela provisoria urgencia evidencia],PARCIAL,
trt4_2026p__proc_civil_t4,Direito Processual Civil,"Tópico 04 - Sujeitos do Processo: Partes, procuradores, capacidade, representação, honorários, gratuidade da justiça, Litisconsórcio",proc_civil_t3,Direito Processual Civil,Tópico 03 - Sujeitos Processuais: Partes e Procuradores. Litisconsórcio e Intervenção de terceiros.,PARCIAL,0.41,0.57,0.4,V1+: [processuais intervencao terceiros] | V2+: [processo capacidade representacao honorarios],PARCIAL,
trt4_2026p__proc_civil_t6,Direito Processual Civil,"Tópico 06 - Juiz (poderes, deveres, impedimento e suspeição). Auxiliares da justiça, MP, Advocacia Pública e Defensoria Pública",proc_civil_t4,Direito Processual Civil,"Tópico 04 - Sujeitos Processuais: Juízes, Auxiliares da Justiça, Ministério Público, Defensoria Pública e Advocacia Pública.",PARCIAL,0.41,0.5,0.45,V1+: [sujeitos processuais juizes ministerio] | V2+: [juiz poderes deveres impedimento],PARCIAL,
trt4_2026p__proc_civil_t13,Direito Processual Civil,"Tópico 13 - Processo de Execução: Princípios, execução contra a Fazenda Pública (Precatórios e RPV), Penhora, Expropriação, Embargos, Exceção de Pré-executividade",proc_civil_t12,Direito Processual Civil,Tópico 12 - Processo de Execução.,V1_MAIS_ESTREITO,0.4,1,0.14,V2+: [principios contra fazenda publica],V1_MAIS_ESTREITO,
trt4_2026p__proc_civil_t2,Direito Processual Civil,"Tópico 02 - Jurisdição (conceito, características, limites) e Competência (absoluta, relativa, modificações, conflitos)",proc_civil_t2,Direito Processual Civil,Tópico 02 - Competência.,V1_MAIS_ESTREITO,0.38,1,0.11,V2+: [jurisdicao conceito caracteristicas limites],V1_MAIS_ESTREITO,
trt4_2026p__proc_civil_t7,Direito Processual Civil,"Tópico 07 - Atos processuais (forma, tempo, lugar, prazos), Comunicação dos atos (citação, intimação) e Nulidades",proc_civil_t6,Direito Processual Civil,"Tópico 06 - Comunicação dos Atos Processuais, Nulidade, Valor da Causa, Distribuição e Registro.",PARCIAL,0.28,0.38,0.3,V1+: [nulidade valor causa distribuicao] | V2+: [forma tempo lugar prazos],PARCIAL,
trt4_2026p__proc_civil_t9,Direito Processual Civil,"Tópico 09 - Procedimento comum: Petição inicial, Contestação, Reconvenção, Revelia, Saneamento e Julgamento conforme o estado",proc_civil_t8,Direito Processual Civil,"Tópico 08 - Formação, Suspensão e Extinção do Processo. Procedimento comum até o saneamento.",PARCIAL,0.27,0.38,0.27,V1+: [formacao suspensao extincao processo] | V2+: [peticao inicial contestacao reconvencao],PARCIAL,
trt4_2026p__proc_civil_t14,Direito Processual Civil,"Tópico 14 - Procedimentos especiais e Ações Constitucionais: Consignação, Embargos de Terceiro, Monitória, Ação Civil Pública, Mandado de Segurança, Mandado de Injunção, Habeas Data",proc_civil_t18,Direito Processual Civil,Tópico 18 - Processo Civil nos sistemas de controle da constitucionalidade e ações constitucionais.,PARCIAL,0.25,0.43,0.19,V1+: [processo sistemas controle constitucionalidade] | V2+: [procedimentos especiais consignacao embargos],PARCIAL,
trt4_2026p__proc_civil_t1,Direito Processual Civil,"Tópico 01 - Código de Processo Civil (Lei 13.105/2015): Princípios gerais, fontes, eficácia, aplicação, interpretação e direito intertemporal",proc_civil_t0,Direito Processual Civil,Tópico 00 - Normas Fundamentais do Processo Civil.,PARCIAL,0,0,0,(curadoria manual),PARCIAL,Normas Fundamentais equivale a princípios gerais do CPC
trt4_2026p__proc_civil_t3,Direito Processual Civil,"Tópico 03 - Direito de ação (elementos, condições, cumulação, conexão e continência). Relação jurídica processual e pressupostos",proc_civil_t1,Direito Processual Civil,Tópico 01 - Jurisdição e Ação.,V1_MAIS_AMPLO,0,0,0,(curadoria manual),V1_MAIS_AMPLO,t1 cobre Jurisdição e Ação
trt4_2026p__proc_civil_t5,Direito Processual Civil,"Tópico 05 - Intervenção de terceiros: Assistência, Denunciação, Chamamento, IDPJ, Amicus Curiae",proc_civil_t3,Direito Processual Civil,Tópico 03 - Sujeitos Processuais: Partes e Procuradores. Litisconsórcio e Intervenção de terceiros.,V1_MAIS_AMPLO,0,0,0,(curadoria manual),V1_MAIS_AMPLO,Intervenção de terceiros dentro de Sujeitos Processuais
trt4_2026p__proc_civil_t10,Direito Processual Civil,"Tópico 10 - Provas: Ônus, depoimento pessoal, confissão, documentos, testemunhas, perícia, inspeção judicial",proc_civil_t9,Direito Processual Civil,Tópico 09 - Provas — parte 01.,V1_MAIS_ESTREITO,0,0,0,(curadoria manual),V1_MAIS_ESTREITO,Provas partidas em t9 e t10 — exige as duas concluídas
trt4_2026p__proc_civil_t12,Direito Processual Civil,"Tópico 12 - Recursos: Disposições gerais, Agravo Interno e de Instrumento, Embargos de Declaração, Repercussão Geral, Recursos Repetitivos",proc_civil_t16,Direito Processual Civil,Tópico 16 - Recursos em Espécie.,V1_MAIS_ESTREITO,0,0,0,(curadoria manual),V1_MAIS_ESTREITO,Recursos exige t15 (meios de impugnação) + t16 (recursos em espécie)
trt4_2026p__proc_civil_t15,Direito Processual Civil,"Tópico 15 - Controle de Constitucionalidade no CPC: ADI, ADC, Arguição incidental, IAC, IRDR, Ação Rescisória, Reclamação",proc_civil_t18,Direito Processual Civil,Tópico 18 - Processo Civil nos sistemas de controle da constitucionalidade e ações constitucionais.,PARCIAL,0,0,0,(curadoria manual),PARCIAL,t18 trata controle de constitucionalidade no processo civil
,,,proc_civil_t0,Direito Processual Civil,Tópico 00 - Normas Fundamentais do Processo Civil.,NENHUM,0,0,0,N/A,NENHUM,Tópico V1 sem correspondente relevante na V2
,,,proc_civil_t1,Direito Processual Civil,Tópico 01 - Jurisdição e Ação.,NENHUM,0,0,0,N/A,NENHUM,Tópico V1 sem correspondente relevante na V2
,,,proc_civil_t9,Direito Processual Civil,Tópico 09 - Provas — parte 01.,NENHUM,0,0,0,N/A,NENHUM,Tópico V1 sem correspondente relevante na V2
,,,proc_civil_t10,Direito Processual Civil,Tópico 10 - Provas — parte 02.,NENHUM,0,0,0,N/A,NENHUM,Tópico V1 sem correspondente relevante na V2
,,,proc_civil_t13,Direito Processual Civil,Tópico 13 - Procedimentos Especiais — parte 01.,NENHUM,0,0,0,N/A,NENHUM,Tópico V1 sem correspondente relevante na V2
,,,proc_civil_t14,Direito Processual Civil,Tópico 14 - Procedimentos Especiais — parte 02.,NENHUM,0,0,0,N/A,NENHUM,Tópico V1 sem correspondente relevante na V2
,,,proc_civil_t15,Direito Processual Civil,Tópico 15 - Meios de Impugnação das Decisões Judiciais.,NENHUM,0,0,0,N/A,NENHUM,Tópico V1 sem correspondente relevante na V2
,,,proc_civil_t16,Direito Processual Civil,Tópico 16 - Recursos em Espécie.,NENHUM,0,0,0,N/A,NENHUM,Tópico V1 sem correspondente relevante na V2
,,,proc_civil_t19,Direito Processual Civil,Tópico 19 - Processo Judicial Eletrônico. Lei nº 11.419/2006.,NENHUM,0,0,0,N/A,NENHUM,Tópico V1 sem correspondente relevante na V2
trt4_2026p__adm_t5,Direito Administrativo,Tópico 05 - Processo administrativo federal (Lei nº 9.784/1999),admin_t18,Direito Administrativo,Tópico 18 - Processo administrativo. Lei nº 9.784/1999.,EXATO,1,1,0.86,V2+: [federal],EXATO,
trt4_2026p__adm_t7,Direito Administrativo,Tópico 07 - Improbidade Administrativa (Lei nº 8.429/1992 e Lei nº 14.230/2021),admin_t19,Direito Administrativo,Tópico 19 - Improbidade administrativa. Lei nº 8.429/1992.,PARCIAL,1,1,0.75,V2+: [14 230/2021],PARCIAL,
trt4_2026p__adm_t8,Direito Administrativo,Tópico 08 - Nova Lei de Licitações e Contratos Administrativos (Lei nº 14.133/2021),admin_t7,Direito Administrativo,Tópico 07 - Licitações e Contratos Administrativos. Lei nº 14.133/2021 — licitações parte 1.,PARCIAL,1,0.78,0.88,V1+: [parte 1] | V2+: [nova],PARCIAL,
trt4_2026p__adm_t8,Direito Administrativo,Tópico 08 - Nova Lei de Licitações e Contratos Administrativos (Lei nº 14.133/2021),admin_t8,Direito Administrativo,Tópico 08 - Licitações e Contratos Administrativos. Lei nº 14.133/2021 — licitações parte 2.,PARCIAL,1,0.78,0.88,V1+: [parte 2] | V2+: [nova],PARCIAL,
trt4_2026p__adm_t4,Direito Administrativo,"Tópico 04 - Servidores públicos: Cargo, emprego e função; Lei nº 8.112/1990; Lei nº 11.416/2006 (Carreiras do PJU)",admin_t10,Direito Administrativo,Tópico 10 - Serviços públicos. Lei nº 8.987/1995.,V1_MAIS_ESTREITO,0.75,0.67,0.31,V1+: [servicos 987/1995] | V2+: [servidores cargo emprego funcao],V1_MAIS_ESTREITO,
trt4_2026p__adm_t7,Direito Administrativo,Tópico 07 - Improbidade Administrativa (Lei nº 8.429/1992 e Lei nº 14.230/2021),admin_t10,Direito Administrativo,Tópico 10 - Serviços públicos. Lei nº 8.987/1995.,PARCIAL,0.72,0.5,0.38,V1+: [servicos publicos 987/1995] | V2+: [improbidade administrativa 429/1992 14],PARCIAL,
trt4_2026p__adm_t11,Direito Administrativo,Tópico 11 - Terceiro Setor e Entes paraestatais,admin_t4,Direito Administrativo,Tópico 04 - Entidades paraestatais e terceiro setor.,PARCIAL,0.69,0.75,0.75,V1+: [entidades] | V2+: [entes],PARCIAL,
trt4_2026p__adm_t7,Direito Administrativo,Tópico 07 - Improbidade Administrativa (Lei nº 8.429/1992 e Lei nº 14.230/2021),admin_t7,Direito Administrativo,Tópico 07 - Licitações e Contratos Administrativos. Lei nº 14.133/2021 — licitações parte 1.,PARCIAL,0.65,0.33,0.38,V1+: [licitacoes contratos administrativos 133/2021] | V2+: [improbidade administrativa 8 429/1992],PARCIAL,
trt4_2026p__adm_t4,Direito Administrativo,"Tópico 04 - Servidores públicos: Cargo, emprego e função; Lei nº 8.112/1990; Lei nº 11.416/2006 (Carreiras do PJU)",admin_t19,Direito Administrativo,Tópico 19 - Improbidade administrativa. Lei nº 8.429/1992.,PARCIAL,0.64,0.5,0.23,V1+: [improbidade administrativa 429/1992] | V2+: [servidores publicos cargo emprego],PARCIAL,
trt4_2026p__adm_t8,Direito Administrativo,Tópico 08 - Nova Lei de Licitações e Contratos Administrativos (Lei nº 14.133/2021),admin_t9,Direito Administrativo,Tópico 09 - Licitações e Contratos Administrativos — contratos.,V1_MAIS_ESTREITO,0.56,1,0.38,V2+: [nova lei n 14],V1_MAIS_ESTREITO,
trt4_2026p__adm_t3,Direito Administrativo,"Tópico 03 - Organização administrativa: Administração direta e indireta, Autarquias, Fundações, Empresas Públicas, Sociedades de Economia Mista, Consórcios Públicos (Lei 11.107/05)",admin_t3,Direito Administrativo,Tópico 03 - Fundações públicas. Empresas públicas. Sociedades de economia mista.,V1_MAIS_ESTREITO,0.55,1,0.35,V2+: [organizacao administrativa administracao direta],V1_MAIS_ESTREITO,
trt4_2026p__adm_t3,Direito Administrativo,"Tópico 03 - Organização administrativa: Administração direta e indireta, Autarquias, Fundações, Empresas Públicas, Sociedades de Economia Mista, Consórcios Públicos (Lei 11.107/05)",admin_t2,Direito Administrativo,Tópico 02 - Organização administrativa. Administração direta e indireta. Autarquias. Agências.,V1_MAIS_ESTREITO,0.5,0.86,0.35,V1+: [agencias] | V2+: [fundacoes empresas publicas sociedades],V1_MAIS_ESTREITO,
trt4_2026p__adm_t10,Direito Administrativo,"Tópico 10 - Bens públicos (classificação, regime jurídico, formas de uso) e Intervenção do Estado na propriedade (desapropriação, servidão, tombamento)",admin_t16,Direito Administrativo,Tópico 16 - Intervenção do Estado na propriedade.,V1_MAIS_ESTREITO,0.46,1,0.23,V2+: [bens publicos classificacao regime],V1_MAIS_ESTREITO,
trt4_2026p__adm_t10,Direito Administrativo,"Tópico 10 - Bens públicos (classificação, regime jurídico, formas de uso) e Intervenção do Estado na propriedade (desapropriação, servidão, tombamento)",admin_t15,Direito Administrativo,Tópico 15 - Bens públicos.,V1_MAIS_ESTREITO,0.41,1,0.15,V2+: [classificacao regime juridico formas],V1_MAIS_ESTREITO,
trt4_2026p__adm_t1,Direito Administrativo,"Tópico 01 - Administração Pública: Princípios básicos e Poderes Administrativos (hierárquico, disciplinar, regulamentar, polícia, uso/abuso de poder)",admin_t5,Direito Administrativo,Tópico 05 - Poderes e deveres da Administração Pública.,V1_MAIS_ESTREITO,0.39,0.75,0.25,V1+: [deveres] | V2+: [principios basicos administrativos hierarquico],V1_MAIS_ESTREITO,
trt4_2026p__adm_t9,Direito Administrativo,"Tópico 09 - Serviços públicos: Conceito, regime jurídico, princípios, delegação (autorização, permissão, concessão)",admin_t0,Direito Administrativo,Tópico 00 - Princípios administrativos. Regime jurídico-administrativo.,PARCIAL,0.37,0.6,0.3,V1+: [administrativos administrativo] | V2+: [servicos publicos conceito delegacao],PARCIAL,
trt4_2026p__adm_t6,Direito Administrativo,"Tópico 06 - Controle e responsabilização da administração (administrativo, judicial, legislativo); Responsabilidade extracontratual do Estado",admin_t13,Direito Administrativo,Tópico 13 - Controle da Administração Pública.,V1_MAIS_ESTREITO,0.35,0.67,0.22,V1+: [publica] | V2+: [responsabilizacao administrativo judicial legislativo],V1_MAIS_ESTREITO,
trt4_2026p__adm_t6,Direito Administrativo,"Tópico 06 - Controle e responsabilização da administração (administrativo, judicial, legislativo); Responsabilidade extracontratual do Estado",admin_t14,Direito Administrativo,Tópico 14 - Responsabilidade civil do Estado.,V1_MAIS_ESTREITO,0.35,0.67,0.22,V1+: [civil] | V2+: [controle responsabilizacao administracao administrativo],V1_MAIS_ESTREITO,
trt4_2026p__adm_t1,Direito Administrativo,"Tópico 01 - Administração Pública: Princípios básicos e Poderes Administrativos (hierárquico, disciplinar, regulamentar, polícia, uso/abuso de poder)",admin_t13,Direito Administrativo,Tópico 13 - Controle da Administração Pública.,V1_MAIS_ESTREITO,0.31,0.67,0.17,V1+: [controle] | V2+: [principios basicos poderes administrativos],V1_MAIS_ESTREITO,
trt4_2026p__adm_t6,Direito Administrativo,"Tópico 06 - Controle e responsabilização da administração (administrativo, judicial, legislativo); Responsabilidade extracontratual do Estado",admin_t1,Direito Administrativo,"Tópico 01 - Introdução ao direito administrativo. Estado, governo e administração pública.",PARCIAL,0.3,0.38,0.33,V1+: [introducao ao direito governo] | V2+: [controle responsabilizacao judicial legislativo],PARCIAL,
trt4_2026p__adm_t5,Direito Administrativo,Tópico 05 - Processo administrativo federal (Lei nº 9.784/1999),admin_t10,Direito Administrativo,Tópico 10 - Serviços públicos. Lei nº 8.987/1995.,PARCIAL,0.26,0.33,0.29,V1+: [servicos publicos 8 987/1995] | V2+: [processo administrativo federal 9],PARCIAL,
trt4_2026p__adm_t5,Direito Administrativo,Tópico 05 - Processo administrativo federal (Lei nº 9.784/1999),admin_t19,Direito Administrativo,Tópico 19 - Improbidade administrativa. Lei nº 8.429/1992.,PARCIAL,0.26,0.33,0.29,V1+: [improbidade administrativa 8 429/1992] | V2+: [processo administrativo federal 9],PARCIAL,
trt4_2026p__adm_t2,Direito Administrativo,"Tópico 02 - Ato administrativo: Conceito, requisitos, atributos, anulação, revogação, convalidação, discricionariedade e vinculação",admin_t6,Direito Administrativo,Tópico 06 - Atos administrativos.,PARCIAL,0,0,0,(curadoria manual),PARCIAL,Atos administrativos — escopo equivalente; mantido PARCIAL por segurança
,,,admin_t6,Direito Administrativo,Tópico 06 - Atos administrativos.,NENHUM,0,0,0,N/A,NENHUM,Tópico V1 sem correspondente relevante na V2
,,,admin_t11,Direito Administrativo,"Tópico 11 - PPPs, consórcios públicos e consórcios administrativos.",NENHUM,0,0,0,N/A,NENHUM,Tópico V1 sem correspondente relevante na V2
,,,admin_t12,Direito Administrativo,Tópico 12 - Convênios e instrumentos congêneres.,NENHUM,0,0,0,N/A,NENHUM,Tópico V1 sem correspondente relevante na V2
,,,admin_t17,Direito Administrativo,Tópico 17 - Agentes públicos.,NENHUM,0,0,0,N/A,NENHUM,Tópico V1 sem correspondente relevante na V2
trt4_2026p__port_t9,Língua Portuguesa,Tópico 09 - Concordância nominal e verbal,portuguese_t10,Língua Portuguesa,Tópico 10 - Concordância Verbal e Nominal.,V1_MAIS_AMPLO,1,1,1,sem sobra,V1_MAIS_AMPLO,Trava de Grafo 1: V1 repetido em múltiplos V2 -> Rebaixado de EXATO para V1_MAIS_AMPLO
trt4_2026p__port_t10,Língua Portuguesa,Tópico 10 - Regência nominal e verbal,portuguese_t11,Língua Portuguesa,Tópico 11 - Regência verbal e nominal. Crase.,PARCIAL,0.83,0.75,1,V1+: [crase],PARCIAL,
trt4_2026p__port_t7,Língua Portuguesa,Tópico 07 - Domínio dos mecanismos de coesão e coerência textual,portuguese_t12,Língua Portuguesa,Tópico 12 - Mecanismos de coesão e coerência textuais.,V1_MAIS_ESTREITO,0.61,0.75,0.6,V1+: [textuais] | V2+: [dominio textual],V1_MAIS_ESTREITO,
trt4_2026p__port_t5,Língua Portuguesa,Tópico 05 - Flexão nominal e verbal,portuguese_t10,Língua Portuguesa,Tópico 10 - Concordância Verbal e Nominal.,PARCIAL,0.6,0.67,0.67,V1+: [concordancia] | V2+: [flexao],PARCIAL,
trt4_2026p__port_t10,Língua Portuguesa,Tópico 10 - Regência nominal e verbal,portuguese_t10,Língua Portuguesa,Tópico 10 - Concordância Verbal e Nominal.,PARCIAL,0.6,0.67,0.67,V1+: [concordancia] | V2+: [regencia],PARCIAL,
trt4_2026p__port_t3,Língua Portuguesa,Tópico 03 - Emprego dos sinais de pontuação,portuguese_t9,Língua Portuguesa,Tópico 09 - Pontuação.,V1_MAIS_ESTREITO,0.53,1,0.33,V2+: [emprego sinais],V1_MAIS_ESTREITO,
trt4_2026p__port_t1,Língua Portuguesa,Tópico 01 - Domínio da ortografia oficial,portuguese_t0,Língua Portuguesa,Tópico 00 - Ortografia oficial. Acentuação gráfica.,V1_MAIS_AMPLO,0.51,0.5,0.67,V1+: [acentuacao grafica] | V2+: [dominio],V1_MAIS_AMPLO,
trt4_2026p__port_t2,Língua Portuguesa,Tópico 02 - Emprego da acentuação gráfica,portuguese_t0,Língua Portuguesa,Tópico 00 - Ortografia oficial. Acentuação gráfica.,V1_MAIS_AMPLO,0.51,0.5,0.67,V1+: [ortografia oficial] | V2+: [emprego],V1_MAIS_AMPLO,
trt4_2026p__port_t5,Língua Portuguesa,Tópico 05 - Flexão nominal e verbal,portuguese_t11,Língua Portuguesa,Tópico 11 - Regência verbal e nominal. Crase.,V1_MAIS_AMPLO,0.51,0.5,0.67,V1+: [regencia crase] | V2+: [flexao],V1_MAIS_AMPLO,
trt4_2026p__port_t9,Língua Portuguesa,Tópico 09 - Concordância nominal e verbal,portuguese_t11,Língua Portuguesa,Tópico 11 - Regência verbal e nominal. Crase.,V1_MAIS_AMPLO,0.51,0.5,0.67,V1+: [regencia crase] | V2+: [concordancia],V1_MAIS_AMPLO,
trt4_2026p__port_t11,Língua Portuguesa,"Tópico 11 - Morfossintaxe, Classes de palavras e Termos da oração",portuguese_t7,Língua Portuguesa,Tópico 07 - Sintaxe da oração: termos da oração.,V1_MAIS_ESTREITO,0.45,0.67,0.4,V1+: [sintaxe] | V2+: [morfossintaxe classes palavras],V1_MAIS_ESTREITO,
trt4_2026p__port_t14,Língua Portuguesa,Tópico 14 - Compreensão e interpretação de textos de gêneros variados,portuguese_t14,Língua Portuguesa,Tópico 14 - Compreensão e interpretação de textos. Tipologia textual. Funções da linguagem.,PARCIAL,0.44,0.43,0.6,V1+: [tipologia textual funcoes linguagem] | V2+: [generos variados],PARCIAL,
trt4_2026p__port_t6,Língua Portuguesa,"Tópico 06 - Pronomes: emprego, formas de tratamento e colocação (pronominal)",portuguese_t3,Língua Portuguesa,Tópico 03 - Classes de palavras III: pronomes. Colocação pronominal.,PARCIAL,0.43,0.5,0.5,V1+: [classes palavras iii] | V2+: [emprego formas tratamento],PARCIAL,
trt4_2026p__port_t8,Língua Portuguesa,Tópico 08 - Emprego de tempos e modos verbais e Vozes do verbo,portuguese_t5,Língua Portuguesa,Tópico 05 - Correlação e vozes verbais.,V1_MAIS_ESTREITO,0.41,0.67,0.33,V1+: [correlacao] | V2+: [emprego tempos modos verbo],V1_MAIS_ESTREITO,
trt4_2026p__port_t11,Língua Portuguesa,"Tópico 11 - Morfossintaxe, Classes de palavras e Termos da oração",portuguese_t4,Língua Portuguesa,Tópico 04 - Classes de palavras IV: verbos.,PARCIAL,0.38,0.5,0.4,V1+: [iv verbos] | V2+: [morfossintaxe termos oracao],PARCIAL,
trt4_2026p__port_t11,Língua Portuguesa,"Tópico 11 - Morfossintaxe, Classes de palavras e Termos da oração",portuguese_t2,Língua Portuguesa,Tópico 02 - Classes de palavras II: preposição e conjunção.,PARCIAL,0.34,0.4,0.4,V1+: [ii preposicao conjuncao] | V2+: [morfossintaxe termos oracao],PARCIAL,
trt4_2026p__port_t4,Língua Portuguesa,Tópico 04 - Emprego do sinal indicativo de crase,,,,NENHUM,0,0,0,N/A,NENHUM,Sem correspondência relevante na V1
trt4_2026p__port_t12,Língua Portuguesa,Tópico 12 - Processos de coordenação e subordinação,,,,NENHUM,0,0,0,N/A,NENHUM,Sem correspondência relevante na V1
trt4_2026p__port_t13,Língua Portuguesa,Tópico 13 - Redação (confronto e reconhecimento de frases corretas e incorretas),,,,NENHUM,0,0,0,N/A,NENHUM,Sem correspondência relevante na V1
trt4_2026p__port_t15,Língua Portuguesa,Tópico 15 - Reconhecimento de tipos e gêneros textuais,,,,NENHUM,0,0,0,N/A,NENHUM,Sem correspondência relevante na V1
trt4_2026p__port_t16,Língua Portuguesa,Tópico 16 - Figuras de linguagem e Argumentação,,,,NENHUM,0,0,0,N/A,NENHUM,Sem correspondência relevante na V1
trt4_2026p__port_t17,Língua Portuguesa,"Tópico 17 - Discurso direto, indireto e indireto livre",,,,NENHUM,0,0,0,N/A,NENHUM,Sem correspondência relevante na V1
trt4_2026p__port_t18,Língua Portuguesa,Tópico 18 - Adequação da linguagem ao tipo de documento,,,,NENHUM,0,0,0,N/A,NENHUM,Sem correspondência relevante na V1
,,,portuguese_t1,Língua Portuguesa,"Tópico 01 - Classes de palavras I: substantivo, adjetivo, advérbios, artigo, numeral, interjeição.",NENHUM,0,0,0,N/A,NENHUM,Tópico V1 sem correspondente relevante na V2
,,,portuguese_t6,Língua Portuguesa,Tópico 06 - Formação de palavras.,NENHUM,0,0,0,N/A,NENHUM,Tópico V1 sem correspondente relevante na V2
,,,portuguese_t8,Língua Portuguesa,Tópico 08 - Relações de coordenação entre orações e entre termos da oração.,NENHUM,0,0,0,N/A,NENHUM,Tópico V1 sem correspondente relevante na V2
,,,portuguese_t13,Língua Portuguesa,Tópico 13 - Semântica. Significação das palavras.,NENHUM,0,0,0,N/A,NENHUM,Tópico V1 sem correspondente relevante na V2
,,,portuguese_t15,Língua Portuguesa,Tópico 15 - Variação linguística.,NENHUM,0,0,0,N/A,NENHUM,Tópico V1 sem correspondente relevante na V2
,,,civil_t0,Direito Civil,Tópico 00 - Lei de Introdução às Normas do Direito Brasileiro.,NENHUM,0,0,0,N/A,NENHUM,Matéria V1 arquivada / fora do edital V2 (Direito Civil)
,,,civil_t1,Direito Civil,Tópico 01 - Pessoas naturais.,NENHUM,0,0,0,N/A,NENHUM,Matéria V1 arquivada / fora do edital V2 (Direito Civil)
,,,civil_t2,Direito Civil,Tópico 02 - Pessoas jurídicas.,NENHUM,0,0,0,N/A,NENHUM,Matéria V1 arquivada / fora do edital V2 (Direito Civil)
,,,civil_t3,Direito Civil,Tópico 03 - Bens.,NENHUM,0,0,0,N/A,NENHUM,Matéria V1 arquivada / fora do edital V2 (Direito Civil)
,,,civil_t4,Direito Civil,Tópico 04 - Fatos jurídicos.,NENHUM,0,0,0,N/A,NENHUM,Matéria V1 arquivada / fora do edital V2 (Direito Civil)
,,,civil_t5,Direito Civil,Tópico 05 - Atos jurídicos.,NENHUM,0,0,0,N/A,NENHUM,Matéria V1 arquivada / fora do edital V2 (Direito Civil)
,,,civil_t6,Direito Civil,Tópico 06 - Prescrição e decadência.,NENHUM,0,0,0,N/A,NENHUM,Matéria V1 arquivada / fora do edital V2 (Direito Civil)
,,,civil_t7,Direito Civil,Tópico 07 - Direito das obrigações — Parte I.,NENHUM,0,0,0,N/A,NENHUM,Matéria V1 arquivada / fora do edital V2 (Direito Civil)
,,,civil_t8,Direito Civil,Tópico 08 - Direito das obrigações — Parte II.,NENHUM,0,0,0,N/A,NENHUM,Matéria V1 arquivada / fora do edital V2 (Direito Civil)
,,,civil_t9,Direito Civil,Tópico 09 - Teoria geral dos contratos.,NENHUM,0,0,0,N/A,NENHUM,Matéria V1 arquivada / fora do edital V2 (Direito Civil)
,,,civil_t10,Direito Civil,Tópico 10 - Responsabilidade civil.,NENHUM,0,0,0,N/A,NENHUM,Matéria V1 arquivada / fora do edital V2 (Direito Civil)
,,,civil_t11,Direito Civil,Tópico 11 - Posse e propriedade.,NENHUM,0,0,0,N/A,NENHUM,Matéria V1 arquivada / fora do edital V2 (Direito Civil)
,,,civil_t12,Direito Civil,Tópico 12 - Direitos reais.,NENHUM,0,0,0,N/A,NENHUM,Matéria V1 arquivada / fora do edital V2 (Direito Civil)
trt4_2026p__rlm_t1,Raciocínio Lógico-Matemático,Tópico 01 - Números inteiros e racionais: operações; expressões numéricas; múltiplos e divisores; problemas,,,,NENHUM,0,0,0,N/A,NENHUM,Matéria ausente na V1 (grade do cursinho)
trt4_2026p__rlm_t2,Raciocínio Lógico-Matemático,Tópico 02 - Frações e operações com frações,,,,NENHUM,0,0,0,N/A,NENHUM,Matéria ausente na V1 (grade do cursinho)
trt4_2026p__rlm_t3,Raciocínio Lógico-Matemático,"Tópico 03 - Números e grandezas proporcionais: razões e proporções, divisão proporcional, regra de três, porcentagem",,,,NENHUM,0,0,0,N/A,NENHUM,Matéria ausente na V1 (grade do cursinho)
trt4_2026p__rlm_t4,Raciocínio Lógico-Matemático,"Tópico 04 - Estrutura lógica de relações arbitrárias entre pessoas, lugares, objetos ou eventos fictícios",,,,NENHUM,0,0,0,N/A,NENHUM,Matéria ausente na V1 (grade do cursinho)
trt4_2026p__rlm_t5,Raciocínio Lógico-Matemático,"Tópico 05 - Raciocínio verbal, matemático, sequencial, orientação espacial e temporal, formação de conceitos",,,,NENHUM,0,0,0,N/A,NENHUM,Matéria ausente na V1 (grade do cursinho)
trt4_2026p__rlm_t6,Raciocínio Lógico-Matemático,Tópico 06 - Compreensão do processo lógico que conduz a conclusões determinadas,,,,NENHUM,0,0,0,N/A,NENHUM,Matéria ausente na V1 (grade do cursinho)
trt4_2026p__legis_t1,Legislação,"Tópico 01 - Lei nº 8.112/1990: Disposições Preliminares; Provimento, Vacância, Remoção, Redistribuição e Substituição",,,,NENHUM,0,0,0,N/A,NENHUM,Matéria ausente na V1 (grade do cursinho)
trt4_2026p__legis_t2,Legislação,"Tópico 02 - Lei nº 8.112/1990: Direitos e Vantagens (Vencimento/Remuneração, Vantagens, Férias, Licenças, Afastamentos)",,,,NENHUM,0,0,0,N/A,NENHUM,Matéria ausente na V1 (grade do cursinho)
trt4_2026p__legis_t3,Legislação,"Tópico 03 - Lei nº 8.112/1990: Regime Disciplinar (Deveres, Proibições, Acumulação, Responsabilidades, Penalidades, PAD)",,,,NENHUM,0,0,0,N/A,NENHUM,Matéria ausente na V1 (grade do cursinho)
trt4_2026p__legis_t4,Legislação,Tópico 04 - Lei nº 9.784/1999 (Processo Administrativo na Administração Pública Federal),,,,NENHUM,0,0,0,N/A,NENHUM,Matéria ausente na V1 (grade do cursinho)
trt4_2026p__legis_t5,Legislação,Tópico 05 - Lei nº 8.429/1992 e Lei nº 14.230/2021 (Improbidade Administrativa),,,,NENHUM,0,0,0,N/A,NENHUM,Matéria ausente na V1 (grade do cursinho)
trt4_2026p__legis_t6,Legislação,Tópico 06 - Lei nº 14.133/2021 (Nova Lei de Licitações e Contratos Administrativos),,,,NENHUM,0,0,0,N/A,NENHUM,Matéria ausente na V1 (grade do cursinho)
trt4_2026p__legis_t7,Legislação,Tópico 07 - Lei nº 13.709/2018 (Lei Geral de Proteção de Dados Pessoais - LGPD),,,,NENHUM,0,0,0,N/A,NENHUM,Matéria ausente na V1 (grade do cursinho)
trt4_2026p__legis_t8,Legislação,Tópico 08 - Lei nº 13.146/2015 (Estatuto da Pessoa com Deficiência / LBI),,,,NENHUM,0,0,0,N/A,NENHUM,Matéria ausente na V1 (grade do cursinho)
trt4_2026p__legis_t9,Legislação,Tópico 09 - Regimento Interno do TRT da 4ª Região,,,,NENHUM,0,0,0,N/A,NENHUM,Matéria ausente na V1 (grade do cursinho)
trt4_2026p__legis_t10,Legislação,Tópico 10 - Resolução CNJ nº 400/2021 (Política de Sustentabilidade no Poder Judiciário),,,,NENHUM,0,0,0,N/A,NENHUM,Matéria ausente na V1 (grade do cursinho)
